Workbook

Sheet REKAP
B1: https://docs.google.com/spreadsheets/d/1r7Tu4i1wdGSE1v7PLLbL4LHgrkp8S3KHqOdmaCZaZpc/edit?usp=sharing
A3: No | B3: Nama Sekolah | C3: Kab/Kota | D3: PIC SEKOLAH | E3: Jumlah Rombel | F3: Nilai PO SETELAH PAJAK | G3: Link Drive SP | H3: Link Drive MOU | I3: Accurate | J3: Partisipasi Grup | K3: EMAIL PO DARI MM KE PE | L3: Link Pengumpulan data Akun guru dan siswa | M3: Catatan Kekurangan | N3: Tindak Lanjut | O3: FIX TL | P3: Tanggal terakhir komunikasi dan keterangan | Q3: LINK AKUN SIAP PAKAI | R3: Kirim ke sekolah | S3: Check List Data | T3: email MM-PE | U3: Tanggal Kirim email dari PE | V3: JADWAL PELATIHAN | W3: MATERI PELATIHAN | X3: Monitoring
A4: 1 | B4: SMAN 1 Kajen | C4: Kab. Pekalongan | D4: 81901001447 | E4: 33 | F4: 55962315 | G4: SMA N 1 Kajen.pdf | I4: FALSE | J4: TRUE | K4: 46226 | L4: https://docs.google.com/spreadsheets/d/19uA2-ByCW_lBVA7EBeCfiPwTz7s2JuKktawmhRTiCvk/edit?usp=sharing | M4: 0. masih ada 44 slot akun guru 0. masih ada 9 slot akun siswa | N4: dibuatkan akun dummy | O4: FALSE | P4: 46181 | R4: FALSE | S4: BELUM LENGKAP | T4: TRUE | V4: 46302
A5: 2 | B5: SMAN 1 Ambarawa | C5: Kab Semarang | D5: 82138231186 | E5: 24 | F5: 61050000 | G5: SMA N 1 Ambarawaa.pdf | I5: FALSE | J5: TRUE | K5: 46227 | L5: https://docs.google.com/spreadsheets/d/1tHbodaY3rzCzbjoKzmm_R3g4xjQ_qpw7XZXiCFwYbLs/edit?usp=sharing | M5: 0. masih ada slot 57 akun guru 0. masih ada slot 13 akun siswa | N5: dibuatkan akun dummy | O5: FALSE | P5: 07/08/2026. | R5: FALSE | S5: TOLERANSI | T5: TRUE | U5: 46218 | V5: 14/08/2026
A6: 3 | B6: SMAN 10 Semarang | C6: Kota Semarang | D6: +62 812-2575-325 (Bapak Supriyadi) | E6: 20 | F6: 50875185 | G6: SMA N 10 Semarang.pdf | I6: FALSE | J6: TRUE | K6: 46229 | L6: https://docs.google.com/spreadsheets/d/1mHTiiv7rN8rSPomUSz-RvGAvOEJyd4br1C_GOPS4djM/edit?usp=sharing | M6: 0. masih ada 15 slot akun guru 0. akun siswa terlebih 23 | N6: dibuatkan akun dummy dan dilebihkan 23 | O6: FALSE | P6: 04/08/2026. | R6: FALSE | S6: TOLERANSI | T6: TRUE | U6: 46241 | V6: 46241
A7: 4 | B7: SMAN 11 Semarang | C7: Kota Semarang | D7: +62 821-3898-2222 (Bapak Rifai) | E7: 24 | F7: 61050000 | G7: SMA N 11 Semarang.pdf | I7: TRUE | J7: TRUE | K7: 46229 | L7: https://docs.google.com/spreadsheets/d/151Y6gM_APFv5ey-gXSZqrTc4XonbeP1hs3Rd6OZnXjU/edit?usp=sharing | M7: 1. admin wakur belum ada 0. masih ada 11 slot akun guru dan 4 slot akun siswa 0. data siswa (email dan asesmen belum ada) | N7: akun admin wakur : email sekolah dibuatkan akun dummy email siswa : email sekolah asesmen : 30 agustus | O7: FALSE | P7: 06/08/2026. | R7: TRUE | S7: BELUM LENGKAP | T7: TRUE | U7: 46272 | V7: 46272
A8: 5 | B8: SMAN 2 Ungaran | C8: Kab Semarang | D8: 89634462944 (PAK ANIS NASIKIN) | E8: 24 | F8: 61050000 | G8: SMA N 2 Ungaran.pdf | I8: FALSE | J8: TRUE | K8: 46227 | L8: https://docs.google.com/spreadsheets/d/1YNG2etyQ0fR9wrCbXVxjZ6fbX4VKOCJjdFmes28Tts0/edit?usp=sharing | M8: 0. masih ada 17 slot akun guru 0. tanggal asesmen belum ada | N8: 0. akun dummy 0. tanggal asesmen : 30 agustus | O8: FALSE | P8: 46181 | Q8: https://docs.google.com/spreadsheets/d/1U8Xb9df3Jre49XFfCqNHhAwLnlq5cJVG/edit?usp=drive_link&ouid=115389489815414373079&rtpof=true&sd=true | R8: FALSE | S8: BELUM LENGKAP | T8: TRUE | U8: 30-06-2026 | V8: 46303
A9: 6 | B9: SMAN 1 Klaten | C9: Kab. Klaten | D9: +62 815-1078-5965 (Bapak Febri) | E9: 11 | F9: 27981435 | G9: https://drive.google.com/file/d/1a6Bzbx5zaAHqg7AU3cCPTjp9t8NtQE61/view?usp=drive_link | I9: FALSE | J9: TRUE | K9: 46226 | L9: https://docs.google.com/spreadsheets/d/1fgRkqFcZCFxxpVLq4RUFYEEyAj5gn0iLBTShNVLurKY/edit?gid=1298931778#gid=1298931778 | M9: 0. masih ada 2 slot akun siswa | N9: dibuatkan akun dummy | O9: FALSE | P9: 46181 | Q9: https://docs.google.com/spreadsheets/d/1YqEPVEC40vdEXaxoQp1BY4FfLLOXMfWy/edit?usp=drive_link&ouid=115389489815414373079&rtpof=true&sd=true | R9: FALSE | S9: TOLERANSI | T9: TRUE | V9: 31/07/2026
A10: 7 | B10: SMAN 2 Klaten | C10: Kab. Klaten | D10: 85773218628 | E10: 10 | F10: 25437315 | G10: https://drive.google.com/file/d/1r2EyurTSP3ZQr7oGHbTomgdw75dZPMmP/view?usp=drive_link | I10: FALSE | J10: TRUE | K10: 46227 | L10: https://docs.google.com/spreadsheets/d/12mvKn4_XHL2aA15_3bpNoyup1MUfLzu613HApbA7mjs/edit?usp=sharing | M10: 0. masih ada 2 slot akun guru | N10: dibuatkan akun dummy | O10: FALSE | P10: 46181 | Q10: https://docs.google.com/spreadsheets/d/1HYQ8ZKisBlzODkV-icmVZXxMDEKm7YKK/edit?usp=drive_link&ouid=115389489815414373079&rtpof=true&sd=true | R10: FALSE | S10: BELUM LENGKAP | T10: TRUE | V10: 46120
A11: 8 | B11: SMAN 3 Klaten | C11: Kab. Klaten | D11: 081364776941 (Bu Santi) | E11: 10 | F11: 25437315 | G11: https://drive.google.com/file/d/1T1FYbjH7tdgISy0qfcUjoVT3DxsVyX9h/view?usp=drive_link | I11: FALSE | J11: TRUE | K11: 46227 | L11: https://docs.google.com/spreadsheets/d/1Dewz76vNjp8mx5ivtyNk4AJ0Kflanw4sVGAWEHRgvUg/edit?usp=sharing | M11: 0. akun guru terlebih 3 masih ada 4 slot siswa | N11: dilebihkan 3 akun guru dibuatkan akun dummy | O11: FALSE | P11: 46181 | Q11: https://docs.google.com/spreadsheets/d/1NPuS0U4gHPlr_ABsDpcwzWe18kbCd-6H/edit?usp=drive_link&ouid=115389489815414373079&rtpof=true&sd=true | R11: FALSE | S11: TOLERANSI | T11: TRUE | V11: 30/07/2026
A12: 9 | B12: SMAN 1 Sragi | C12: Kab. Pekalongan | D12: 85647003083 | E12: 18 | F12: 45787500 | G12: SMA N 1 Sragi.pdf | I12: FALSE | J12: TRUE | K12: 46226 | L12: https://docs.google.com/spreadsheets/d/10c00zNoncvANOVtcljBjZSfkJ-Tr95scTIrRHep_NzM/edit?gid=1298931778#gid=1298931778 | M12: 0. masih ada 4 slot akun guru 0. masih ada 10 slot akun siswa | N12: akun dummy | O12: FALSE | P12: 46181 | Q12: https://docs.google.com/spreadsheets/d/1hCRJvWmdEywLlwvOrSeScp3gCbVTIFvR/edit?usp=drive_link&ouid=115389489815414373079&rtpof=true&sd=true | R12: FALSE | S12: BELUM LENGKAP | T12: TRUE | V12: 46364
A13: 10 | B13: SMAN 3 Surakarta | C13: Kota Surakarta | D13: 085728306060 (bp wardi) | E13: 12 | F13: 30525000 | G13: SMA N 3 Surakarta.pdf | I13: FALSE | J13: TRUE | K13: 46227 | L13: https://docs.google.com/spreadsheets/d/1Ki-O31v2ore93FlexUeYU4zgJLB-EwZKotjMYG-POmk/edit?usp=sharing | M13: 1. Terdapat akun guru yang belum ada emailnya 2. Masih ada 10 slot akun guru, 5 slot akun siswa | N13: email : email sekolah dibuatkan akun dummy | O13: FALSE | P13: 46211 | Q13: https://docs.google.com/spreadsheets/d/1M8DGcsN_JhBHkhedqJv8OpoO6Ks5FKeV/edit?usp=drive_link&ouid=115389489815414373079&rtpof=true&sd=true | R13: FALSE | S13: BELUM LENGKAP | T13: TRUE | V13: 23/07/2026
A14: 11 | B14: SMAN 1 Purwokerto | C14: Kab. Banyumas | D14: 8122745600 | E14: 22 | F14: 55962315 | G14: SMA N 1 Purwokerto.pdf | I14: FALSE | J14: TRUE | K14: 46226 | L14: https://docs.google.com/spreadsheets/d/159MKMbgreMHgQMkajSN-i9DUDJk0VhVMB-dRky17sXY/edit?usp=sharing | M14: 0. masih ada 10 slot akun guru 0. masih ada 1 slot akun siswa 0. tanggal asesmen (agustus) | N14: 0. akun dummy 0. tanggal asesmen (agustus) | O14: FALSE | Q14: https://docs.google.com/spreadsheets/d/1K9tOvPbQtQiloPAa7hFWVwT1zZCZQ80V/edit?usp=drive_link&ouid=115389489815414373079&rtpof=true&sd=true | R14: FALSE | S14: BELUM LENGKAP | T14: TRUE | V14: 27/07/2026
A15: 12 | B15: SMAN 2 Purbalingga | C15: Kab. Purbalingga | D15: 85709065758 | E15: 20 | F15: 50875185 | G15: SMA N 2 Purbalingga.pdf | I15: FALSE | J15: TRUE | K15: 46224 | L15: https://docs.google.com/spreadsheets/d/1gmy2G66z58lWUnUG4XxaOwSUo4pNyPnT4cxGXWpqoac/edit?usp=sharing | M15: 0. akun admin wakur 0. masih ada 13 slot akun guru 0. masih ada 4 slot akun siswa 0. tanggal pelaksanaan asesmen | N15: akun admin wakur = email sekolah akun dummy tanggal asesmen = agustus | O15: FALSE | P15: 46181 | Q15: https://docs.google.com/spreadsheets/d/1EEOjmJRfn9esr7Obwuo0kufzF0z-t-At/edit?usp=drive_link&ouid=115389489815414373079&rtpof=true&sd=true | R15: FALSE | S15: TOLERANSI | T15: TRUE | U15: 23 Juli 2026 | V15: 46089
A16: 13 | B16: SMAN 1 REMBANG | C16: Kab. Purbalingga | D16: 85799986356 | E16: 16 | F16: 40699815 | G16: SMA N 1 Rembang Purbalingga.pdf | I16: FALSE | J16: TRUE | K16: 46227 | L16: https://docs.google.com/spreadsheets/d/1PRWvnRrk0q_BjhM55ryS9c_3WQKO-AyHaCZVEky-S-c/edit?usp=sharing | M16: 1. masih ada 31 slot akun guru | O16: FALSE | Q16: https://docs.google.com/spreadsheets/d/1Calqf5albGcoJxUEIXr0eb36q-ZSoX5M/edit?usp=drive_link&ouid=115389489815414373079&rtpof=true&sd=true | R16: FALSE | S16: TOLERANSI | T16: TRUE | V16: 46089
A17: 14 | B17: SMAN 1 KUTASARI | C17: Kab. Purbalingga | D17: +62 856-4783-9157 | E17: 14 | F17: 35612685 | G17: SMA N 1 Kutasari.pdf | I17: FALSE | J17: TRUE | K17: 46226 | L17: https://docs.google.com/spreadsheets/d/1D9bsG-2u_MQusmnwBmJkfdT_w4yLFcpF3OpTTeyAzys/edit?gid=466295844#gid=466295844 | M17: 3. akun asesmen (email siswa dan tanggal) 0. masih ada 8 slot akun guru 0. masih ada 4 slot akun siswa | N17: 3. email siswa : email sekolah, tanggal agustus 0. dummy | O17: FALSE | P17: 46181 | Q17: https://docs.google.com/spreadsheets/d/1gg2MSU3pUKgQLdGtp0zjJi_xvIMNFrfL/edit?usp=drive_link&ouid=115389489815414373079&rtpof=true&sd=true | R17: FALSE | S17: TOLERANSI | T17: TRUE | V17: 31/07/2026
A18: 15 | B18: SMAN 1 BOBOTSARI | C18: Kab. Purbalingga | D18: +62 852-2718-7587 (Pak Budi) | E18: 20 | F18: 50875185 | G18: SMA N 1 Bobotsari.pdf | I18: FALSE | J18: TRUE | K18: 46226 | L18: https://docs.google.com/spreadsheets/d/1ZSwBAI0EPDs-U2AEI0FXjB9aqfgMi9za0zQvUR_58LM/edit?usp=sharing | M18: 0. Masih ada 7 slot akun guru 0. Maasih ada 13 slot akun guru 1. Pemesanan 20 romel (2 jenjang) akan mendapat bonus asesmen untuk 1 jenjang lainnya, mohon untuk 1 jenjang bonus diisikan datanya pada sheet Akun Asesmen 2. Jenjang asesmen belum ada | N18: 0. akun dummy 0. akun kelas 12 0. tanggal asesmen : agustus | O18: FALSE | P18: 46181 | R18: FALSE | S18: TOLERANSI | T18: TRUE | V18: 29/07/2026
A19: 16 | B19: SMAN 1 KARANGREJA | C19: Kab. Purbalingga | D19: +62 851-7717-7227 (Mas Dita) | E19: 18 | F19: 45787500 | G19: SMA N 1 Karangreja.pdf | I19: FALSE | J19: TRUE | K19: 46226 | L19: https://docs.google.com/spreadsheets/d/1fa6DAOjXqXuA5TQKCoZe-G9mWv2imfF9gin9oilPD68/edit?usp=sharing | M19: 0. masih ada slot 15 akun guru 0. masih ada 5 slot akun siswa 0. tanggal asesmen | N19: 0. akun dummy 0. tanggal asesmen : agustus | O19: FALSE | P19: 46181 | Q19: https://docs.google.com/spreadsheets/d/1lFsDLXOFrXdZ2MlJU_FKd9KJH-HK6odP/edit?usp=drive_link&ouid=115389489815414373079&rtpof=true&sd=true | R19: FALSE | S19: TOLERANSI | T19: TRUE | V19: 29/07/2026
A20: 17 | B20: SMAN 1 KEMANGKON | C20: Kab. Purbalingga | D20: +62 852-2706-1287 (Khadiroh) | E20: 3 | F20: 7631250 | G20: SMA N 1 Kemangkon.pdf | I20: FALSE | J20: TRUE | K20: 46226 | L20: https://docs.google.com/spreadsheets/d/1p6omF5Spi2Ds1CtzgL4s23qTguKDAcE14wXHp2SfwhY/edit?usp=sharing | M20: 1. Belum ada akun admin 2. Akun free guru hanya 11, tetapi sekolah mengirimkan 42 akun 3. Email guru belum ada 5.ada 8 slot akun siswa 6. Email siswa belum ada | N20: 1. akun admin : akun email sekolah 2. terlebih 31 guru 3. email guru : email sekolah 5. dummy 6. email siswa : email sekolah | O20: FALSE | P20: 46181 | Q20: https://docs.google.com/spreadsheets/d/1C_fBykD7AcMOrMdyoUNJ9J3DYHt50scz/edit?usp=drive_link&ouid=115389489815414373079&rtpof=true&sd=true | R20: FALSE | S20: BELUM LENGKAP | T20: TRUE | V20: 46334
A21: 18 | B21: SMAN 1 Surakarta | C21: Kota Surakarta | D21: 87724037442 | E21: 3 | F21: 7631250 | G21: SMA N 1 SURAKARTA.pdf | I21: FALSE | J21: TRUE | K21: 46226 | L21: https://docs.google.com/spreadsheets/d/1m7A_2EVmGwtVmzZ07ZP-TULURVDjqYOc_7AC-slJP68/edit?gid=466295844#gid=466295844 | M21: 1. Data guru kelebihan 1 2. Data siswa kelebihan 3 | N21: TRUE | O21: FALSE | Q21: https://docs.google.com/spreadsheets/d/1W4EiHfiTJz1Bl1Aovi-5KgJFA8d1g9C3/edit?usp=drive_link&ouid=115389489815414373079&rtpof=true&sd=true | R21: FALSE | S21: LENGKAP | T21: TRUE | V21: 20/07/2026
A22: 19 | B22: SMAN 6 Surakarta | C22: Kota Surakarta | D22: 8180443393 | E22: 22 | F22: 55962315 | G22: SMA N 6 SURAKARTA.pdf | I22: FALSE | J22: TRUE | K22: 46227 | L22: https://docs.google.com/spreadsheets/d/1DmAMOHAPCZVFjXohh2npdjrheBh78yXzfwmTWh0sccI/edit?usp=sharing | M22: 0. masih ada 11 slot akun guru 0. asesmen nya jenjang apa? 0. ada beberapa siswa yang NISN nya belum ada 0. akun siswa lebih 330 | N22: 0. akun dummy 0. asesmen kelas 12 dan lebih 50 siswa, dummy 0. its ok 0. asesmen | O22: FALSE | P22: 46181 | R22: FALSE | S22: TOLERANSI | T22: TRUE | V22: 27/07/2026
A23: 20 | B23: SMAN 7 Surakarta | C23: Kota Surakarta | D23: 8122613638 | E23: 3 | F23: 7631250 | G23: SMA N 7 SURAKARTA.pdf | I23: FALSE | J23: TRUE | K23: 46227 | L23: https://docs.google.com/spreadsheets/d/1QsCEPvPwnFLgOEYfITG34vgyhe-3AUQFk0qo4qfsoiU/edit?usp=sharing | M23: 1. Belum ada spreadsheet link pengumpulan akun | N23: 1. Belum ada spreadsheet link pengumpulan akun | O23: FALSE | P23: 46181 | Q23: https://docs.google.com/spreadsheets/d/1AcRzSeolCAq26Qlk-HteCtiBfJny6Hv7/edit?usp=drive_link&ouid=115389489815414373079&rtpof=true&sd=true | R23: FALSE | S23: BELUM LENGKAP | T23: TRUE | V23: 23/07/2026
A24: 21 | B24: SMAN 5 Surakarta | C24: Kota Surakarta | D24: 83845157793 | E24: 10 | F24: 25437315 | G24: SMA N 5 SURAKARTA.pdf | I24: FALSE | J24: TRUE | K24: 46226 | L24: https://docs.google.com/spreadsheets/d/1yxt_BoSmnFEf_l2yXnAiRZSuXk62CkeUNaUMkL65Piw/edit?usp=sharing | M24: 0. masih ada 6 slot akun siswa | N24: akun dummy | O24: FALSE | P24: 46181 | Q24: https://docs.google.com/spreadsheets/d/19zzl39pHvOtPjj5Nt8xoA16aFdijXf8n/edit?usp=drive_link&ouid=115389489815414373079&rtpof=true&sd=true | R24: FALSE | S24: TOLERANSI | T24: TRUE | V24: 21/07/2026
A25: 22 | B25: SMAN 8 Surakarta | C25: Kota Surakarta | D25: 85186064433 | E25: 22 | F25: 55962315 | G25: SMA N 8 SURAKARTA.pdf | I25: FALSE | J25: TRUE | K25: 46226 | L25: https://docs.google.com/spreadsheets/d/1OGM7aTTUVoutWv8W3TZgZ9fIHb_EDidI/edit?usp=sharing&ouid=108569477961290785172&rtpof=true&sd=true | M25: 1. Akun asesmen belum ada\ 0. masih ada 14 slot akun guru 0. masih ada 18 slot akun siswa | N25: 1. asesmen = agustus 0. akun dummy | O25: FALSE | P25: 46181 | Q25: https://docs.google.com/spreadsheets/d/1MWNsv0r9kA2oOevfNZrBm3WWIDKV_BW6/edit?usp=drive_link&ouid=115389489815414373079&rtpof=true&sd=true | R25: FALSE | S25: TOLERANSI | T25: TRUE | V25: 24/07/2026
A26: 23 | B26: SMAN 4 Surakarta | C26: Kota Surakarta | D26: 081329192211 (Bu Vero) | E26: 11 | F26: 27981435 | G26: SMA N 4 SURAKARTA.pdf | I26: FALSE | J26: TRUE | K26: 46226 | L26: https://docs.google.com/spreadsheets/d/1e1oOva02EdoIh3-DUprjtAU8DUt1PTfWFdMLr7pjYJY/edit?gid=1512552771#gid=1512552771 | M26: 3. akun asesmen 0. masih ada 23 akun slot guru 0. masih ada 3 slot akun siswa | N26: 3. asesmen : agustus 0. dummy | O26: FALSE | R26: FALSE | S26: BELUM LENGKAP | T26: TRUE | V26: 22/07/2026
A27: 24 | B27: SMAN 1 Tuntang | C27: Kab Semarang | D27: +62 856-2834-712 (Bapak Yoga) | E27: 19 | F27: 48331065 | G27: SMA N 1 Tuntang.pdf | I27: FALSE | J27: TRUE | K27: 46226 | L27: https://docs.google.com/spreadsheets/d/1kAZnubvfoYU3qicPfsPKBCeidFzlaX9K/edit?usp=sharing&ouid=108569477961290785172&rtpof=true&sd=true | M27: 2. akun asesmen 0. masih ada 13 slot akun guru yang kosong 0. masih ada 45 slot akun siswa yang kosong | N27: 2. asesmen = agustus 0. dummy | O27: FALSE | P27: 46211 | Q27: https://docs.google.com/spreadsheets/d/1-VDtEqo7Z7a1iqDjUuIO4siY6d13xk3W/edit?usp=drive_link&ouid=115389489815414373079&rtpof=true&sd=true | R27: FALSE | S27: TOLERANSI | T27: TRUE | U27: 13-07-2026 | V27: 13-07-2026
A28: 25 | B28: SMAN 1 Bojong | C28: Kab. Pekalongan | D28: 85856087073 | E28: 10 | F28: 25437315 | G28: SMA N 1 Bojong.pdf | I28: FALSE | J28: TRUE | K28: 46228 | L28: https://docs.google.com/spreadsheets/d/10cNnmrliHxnOFyuxrs_teqm0nqxpkLXhvgVGp7Q52vA/edit?usp=sharing | M28: 1. Belum ada spreadsheet link pengumpulan akun | N28: 1. Belum ada spreadsheet link pengumpulan akun | O28: FALSE | P28: 46181 | Q28: https://docs.google.com/spreadsheets/d/1V-7C8r7lAApBL-0nn7EJFrcrFiGJw8eB/edit?usp=drive_link&ouid=115389489815414373079&rtpof=true&sd=true | R28: FALSE | S28: BELUM LENGKAP | T28: TRUE | V28: 46364
A29: 26 | B29: SMAN 10 Purworejo | C29: Kab. Purworejo | D29: 081328765042 (bu uwatun) | E29: 7 | F29: 17806065 | G29: SMA N 10 Purworejo.pdf | I29: FALSE | J29: TRUE | K29: 46227 | L29: https://docs.google.com/spreadsheets/d/1eKPRntp_0HX3Rk4mIe9r1cUHThTc4bLDqfPcKTDycso/edit?usp=sharing | M29: 0. masih ada 2 slot akun siswa 0. berleebih akun guru 13 0. ada beberapa akun siswa yang belum ada email dan NISN | N29: 0. dummy 0. diberikan 0. email sekolah dan toleransi | O29: FALSE | P29: 46181 | Q29: https://docs.google.com/spreadsheets/d/19Pe70FD2MH6JS4yKNZt23XiCpsKHAaD7/edit?usp=drive_link&ouid=115389489815414373079&rtpof=true&sd=true | R29: FALSE | S29: BELUM LENGKAP | T29: TRUE | V29: 29/07/2026
A30: 27 | B30: SMAN 1 Purworejo | C30: Kab. Purworejo | D30: 85878474228 | E30: 11 | F30: 27981435 | G30: SMA N 1 Purworejo.pdf | I30: FALSE | J30: TRUE | K30: 46227 | L30: https://docs.google.com/spreadsheets/d/1WiVOOx43N5a6MSvfqy0yHPMP2qQe0IQj1pmUlvkyzDc/edit?usp=sharing | M30: 1. lengkap 2. masih ada 2 slot akun siswa | N30: 0. dummy | O30: FALSE | P30: 46181 | R30: FALSE | S30: TOLERANSI | T30: TRUE | V30: 24/07/2026
A31: 28 | B31: SMAN 1 Maos | C31: Kab.Cilacap | D31: 85869707920 | E31: 3 | F31: 7631250 | G31: SMA N 1 Maos.pdf | I31: FALSE | J31: TRUE | K31: 46227 | L31: https://docs.google.com/spreadsheets/d/1wRS0R65PQKEkYL63vDmge15jBVC1QLee5ba3REkGmZA/edit?usp=sharing | M31: 1. Belum ada spreadsheet link pengumpulan akun | O31: FALSE | Q31: https://docs.google.com/spreadsheets/d/1H0oe4l35Wf1ePjwThYR2Y97qlm2SzVEW/edit?usp=drive_link&ouid=115389489815414373079&rtpof=true&sd=true | R31: FALSE | S31: BELUM LENGKAP | T31: TRUE | V31: 46150
A32: 29 | B32: SMAN 9 Surakarta | C32: Kota Surakarta | D32: 081325808089 (pak heru) | E32: 5 | F32: 12718935 | G32: SMA N 9 Surakarta.pdf | I32: FALSE | J32: TRUE | K32: 46226 | L32: https://docs.google.com/spreadsheets/d/1KArUc2J2u_QA7vPnLl1Q3kzI7dWl8PLGm6MnDcVgKh0/edit?gid=466295844#gid=466295844 | M32: masih trdpt 18 slot akun siswa | N32: 0. akun dummy | O32: FALSE | P32: 46181 | Q32: https://docs.google.com/spreadsheets/d/1n3UiHysoEHO_2Y-JWadx_NH4A_PQ50gl/edit?usp=drive_link&ouid=115389489815414373079&rtpof=true&sd=true | R32: FALSE | S32: TOLERANSI | T32: TRUE | V32: 21/07/2026
A33: 30 | B33: SMAN 2 Surakarta | C33: Kota Surakarta | D33: 082134133519 (bu tina) | E33: 5 | F33: 12718935 | G33: SMA N 2 Surakarta.pdf | I33: FALSE | J33: TRUE | K33: 46226 | L33: https://docs.google.com/spreadsheets/d/1e5sA6lyuNs8sXO6knnjW-cr-bzH4C7YpqvwE89xrgHc/edit?usp=sharing | M33: 0. masih ada 20 slot akun siswa | N33: 0. akun dummy | O33: FALSE | P33: 46211 | Q33: https://docs.google.com/spreadsheets/d/16gtsReCm4XMKCVlwbUDyDNASrKEMXS0T/edit?usp=drive_link&ouid=115389489815414373079&rtpof=true&sd=true | R33: FALSE | S33: TOLERANSI | T33: TRUE | V33: 22/07/2026
A34: 31 | B34: SMAN 1 Weleri | C34: Kab. Kendal | D34: 081905915695 (pak catur) | E34: 9 | F34: 22893750 | G34: SMA N 1 Weleri.pdf | I34: FALSE | J34: TRUE | K34: 46226 | L34: https://docs.google.com/spreadsheets/d/1l3kAQXrun0mvLUQRHPZkoG50U20B9qdiGKE82DbeV24/edit?gid=1512552771#gid=1512552771 | M34: 1. belum adan akun wakur 2. kelas yang diajar 0. masih ada 6 slot akun guru 0. akun guru berlebih harusnya 33, tetapi mengirimkan 51 | O34: FALSE | Q34: https://docs.google.com/spreadsheets/d/1V3tC6F8bOa7MVAdmleQemd4mIzb-MBun/edit?usp=drive_link&ouid=115389489815414373079&rtpof=true&sd=true | R34: FALSE | S34: BELUM LENGKAP | T34: TRUE | V34: 46120
A35: 32 | B35: SMAN 7 Semarang | C35: Kota Semarang | D35: 81390143368 | E35: 21 | F35: 53418750 | G35: https://drive.google.com/file/d/1LOs2jtuWAExgVUx75DuyHLJPoDJkpg6s/view?usp=drive_link | I35: FALSE | J35: TRUE | K35: 46229 | L35: https://docs.google.com/spreadsheets/d/1fQKBjHuICXfjvjAl5IHKUlSkMHstcnfT1_MPFXe-vHM/edit?usp=sharing | M35: 0. masih ada 22 slot akun guru 0. masih ada 5 slot akun siswa 0. tanggal pelaksanaan asesmen | N35: 0. akun dummy 0. asesmen = agustus | O35: FALSE | P35: 46181 | R35: FALSE | S35: BELUM LENGKAP | T35: TRUE | V35: 46303
A36: 33 | B36: SMAN 1 Mirit | C36: Kab. Kebumen | D36: 81393331196 | E36: 6 | F36: 15262500 | G36: https://drive.google.com/file/d/1EeX5Z6cBy_RWuVSuE-XeVEQKU9Qj0KXg/view?usp=drive_link | I36: FALSE | J36: TRUE | K36: 46227 | L36: https://docs.google.com/spreadsheets/d/1hrw1MGr-EeLV0mUbyV_TdzcdCLBAXIds65D7YGZLr5o/edit?usp=sharing | M36: 0. akun guru ada 2 slot 0. akun siswa ada 2 slot | N36: akun dummy | O36: FALSE | P36: 46181 | Q36: https://docs.google.com/spreadsheets/d/1492AxFupEhRzhOViVPHzyc-V4xmMf3U3/edit?usp=drive_link&ouid=115389489815414373079&rtpof=true&sd=true | R36: FALSE | S36: BELUM LENGKAP | T36: TRUE | V36: 28/07/2026
A37: 34 | B37: SMAN 1 Kebumen | C37: Kab. Kebumen | D37: 81328765042 | E37: 20 | F37: 50875185 | G37: SMA N 1 Kebumen.pdf | I37: FALSE | J37: TRUE | K37: 46227 | L37: https://docs.google.com/spreadsheets/d/1CNairctBlR3hZFRmDHvO7BKUeJi4Ay1saT9r_l1bjUA/edit?usp=sharing | M37: 0. masih ada 16 slot akun guru 0. masih ada 7 slot akun siswa 0. tanggal asesmen | N37: 0. akun dummy 0. tanggal asesmen = agustus | O37: FALSE | P37: 46181 | Q37: https://docs.google.com/spreadsheets/d/13Nus8tGFmXQpHRpUkzsNbI7QaCMDWstV/edit?usp=drive_link&ouid=115389489815414373079&rtpof=true&sd=true | R37: FALSE | S37: BELUM LENGKAP | T37: TRUE | V37: 46211
A38: 35 | B38: SMAN 1 Batang | C38: Kab. Batang | D38: 85868812973 | E38: 4 | F38: 10174815 | G38: https://drive.google.com/file/d/1mlaMFKYgPU6oFRlz-XbaOt-eAex0JEty/view?usp=drivesdk | I38: FALSE | J38: TRUE | K38: 46228 | L38: https://docs.google.com/spreadsheets/d/1G5IQ3AnZ8G8VW7htTgQvcj3vrGxPmsxeQd4DV_-0ztA/edit?usp=sharing | O38: FALSE | P38: 46181 | R38: FALSE | S38: TOLERANSI | T38: TRUE | V38: 46364
A39: 36 | B39: SMAN 1 Kutowinangun | C39: Kab. Kebumen | D39: 85728161982 | E39: 20 | F39: 50875185 | G39: SMA N 1 Kutowinangun.pdf | I39: FALSE | J39: TRUE | K39: 46227 | L39: https://docs.google.com/spreadsheets/d/1-ctCtAukmUpkuhY36Xc6uOVycArPOApRo_ditp3-y9U/edit?usp=sharing | M39: 0. masih ada slot 16 akun guru 0. masih ada 11 slot akun siswa 0. tanggal asesmen | N39: 0. akun dummy 0. tanggal asesmen agustus | O39: FALSE | P39: 46181 | Q39: https://docs.google.com/spreadsheets/d/1Oh_TGjKQSq83DO1UUreB2SHMHtqYYkHr/edit?usp=drive_link&ouid=115389489815414373079&rtpof=true&sd=true | R39: FALSE | S39: TOLERANSI | T39: TRUE | V39: 31/07/2026
A40: 37 | B40: SMAN 1 Bawang | C40: Kab. Banjarnegara | D40: 85227343905 | E40: 10 | F40: 25437315 | G40: SMA N 1 Bawang Banjarnegara.pdf | I40: FALSE | J40: TRUE | K40: 46227 | L40: https://docs.google.com/spreadsheets/d/1do5pCoVYWyIsBItMHfGblQ_GmkqFfRA1xllSx7Hs5h8/edit?usp=sharing | M40: 0. masih ada 5 slot akun guru 0. masih ada 11 akun siswa | N40: 0. akun dummy | O40: FALSE | P40: 46181 | Q40: https://docs.google.com/spreadsheets/d/1Upb3fl2eVo1FL6KgK6FYR8DwFtMCJEz0/edit?usp=drive_link&ouid=115389489815414373079&rtpof=true&sd=true | R40: FALSE | S40: TOLERANSI | T40: TRUE | V40: 13/08/2026
A41: 38 | B41: SMAN 2 Batang | C41: Kab. Batang | D41: 85642669512 | E41: 3 | F41: 7631250 | G41: SMA N 2 Batang.pdf | I41: FALSE | J41: TRUE | K41: 46228 | L41: https://docs.google.com/spreadsheets/d/1mqNQQFgTzkOm42WKPTk6D4KEakstqG0Fe0l2UGgrPpQ/edit?usp=sharing | M41: 1. Belum ada spreadsheet link pengumpulan akun | N41: 1. Belum ada spreadsheet link pengumpulan akun | O41: FALSE | P41: 46181 | R41: FALSE | S41: BELUM LENGKAP | T41: TRUE | V41: 46364
A42: 39 | B42: SMAN 3 Sukoharjo | C42: Kab. Sukoharjo | D42: 82225852023 | E42: 20 | F42: 50875185 | G42: SMA N 3 Sukoharjo.pdf | I42: FALSE | J42: TRUE | K42: 46228 | L42: https://docs.google.com/spreadsheets/d/1VKTLnrEgIxgkQvNwA-wmqXgEZoDo395-J3qo3CkoOps/edit?usp=sharing | M42: 1. Belum ada spreadsheet link pengumpulan akun | N42: 1. Belum ada spreadsheet link pengumpulan akun | O42: FALSE | P42: 46181 | Q42: https://docs.google.com/spreadsheets/d/1mX8WKZi-q3-v74FQGgREeZOXp41kvy-C/edit?usp=drive_link&ouid=115389489815414373079&rtpof=true&sd=true | R42: FALSE | S42: BELUM LENGKAP | T42: TRUE | V42: 29/07/2026
A43: 40 | B43: SMAN 2 Sukoharjo | C43: Kab. Sukoharjo | D43: 87733886887 | E43: 23 | F43: 58506435 | G43: SMA N 2 Sukoharjo.pdf | I43: FALSE | J43: TRUE | K43: 46229 | L43: https://docs.google.com/spreadsheets/d/1rZr8k3UiqVYK7IJGlyx2V1i-8-A2XmhKPBiI6ZGljb0/edit?usp=sharing | M43: 0. masih ada 7 slot akun guru 0. masih ada 1 slot akun siswa | N43: akun dummy | O43: FALSE | P43: 46181 | R43: FALSE | S43: TOLERANSI | T43: TRUE | V43: 29/07/2026
A44: 41 | B44: SMAN 1 Nguter | C44: Kab. Sukoharjo | D44: 88232521407 | E44: 16 | F44: 40699815 | G44: SMA N 1 Nguter.pdf | I44: FALSE | J44: TRUE | K44: 46227 | L44: https://docs.google.com/spreadsheets/d/1Ekd9jespvctXrnPJrc0u9OBHlQncBHodCUjtmsT7-R8/edit?usp=sharing | M44: 0. masih ada 10 slot akun guru 0. masih ada 16 slot akun siswa 0. tanggal asesmen | N44: 0. akun dummy 0. tanggal asesmen = agustus | O44: FALSE | P44: 46181 | Q44: https://docs.google.com/spreadsheets/d/1MJJhI1fVvtzcI7HjrQyD6VAd3C9xLfb5/edit?usp=drive_link&ouid=115389489815414373079&rtpof=true&sd=true | R44: 21/08/2026 | S44: BELUM LENGKAP | T44: TRUE | V44: 28/07/2026
A45: 42 | B45: SMA 1 Tawangsari | C45: Kab. Sukoharjo | D45: 82138707893 | E45: 20 | F45: 50875185 | G45: SMA N 1 Tawangsari | I45: FALSE | J45: TRUE | K45: 46228 | L45: https://docs.google.com/spreadsheets/d/1SV7HzH4VdGyvW6c2hpin9mSuFob7nO0nD6zzdVrxPhk/edit?gid=233085395#gid=233085395 | M45: 2. Masih ada 13 slot akun guru 3. ada 2 guru yang belum ada email nya, pakai email sekolah 3. masih ada 11 slot akun siswa 4. belum ada waktu pelaksanaan asesmen | N45: 2. akun dummy 3. email sekolah 3. akun dummy 4. tanggal asesmen = agustus | O45: FALSE | P45: 46211 | Q45: https://docs.google.com/spreadsheets/d/1WMjt9pOnuOPukNaq9_Q2WaqaqbpStT23/edit?usp=drive_link&ouid=115389489815414373079&rtpof=true&sd=true | R45: FALSE | S45: BELUM LENGKAP | T45: TRUE | V45: 46120
A46: 43 | B46: SMAN 1 Sukoharjo | C46: Kab. Sukoharjo | D46: 81393156676 | E46: 24 | F46: 61050000 | G46: SMA N 1 Sukoharjo.pdf | I46: FALSE | J46: TRUE | K46: 46228 | L46: https://docs.google.com/spreadsheets/d/1JJxX1hPZkxsZiqB1diI9pz1S6yDmWJ0hXV-i2ifN93g/edit?usp=sharing | M46: 0. msih ada 8 slot akun guru 0. masih ada 11 slot akun siswa | N46: akun dummy | O46: FALSE | P46: 46211 | Q46: https://docs.google.com/spreadsheets/d/1o7kuAQgwI9A3jvvVJXtK5qKr7kb04zXl/edit?usp=drive_link&ouid=115389489815414373079&rtpof=true&sd=true | R46: FALSE | S46: BELUM LENGKAP | T46: TRUE | V46: 30/07/2026
A47: 44 | B47: SMAN 1 Cilacap | C47: Kab.Cilacap | D47: 81391481768 | E47: 6 | F47: 15262500 | G47: SMA N 1 Cilacap.pdf | I47: FALSE | J47: TRUE | K47: 46228 | L47: https://docs.google.com/spreadsheets/d/1eavPrTrpPVX6yL-9ry2Y-n7eiCK2jDUySYNl81UKRYU/edit?usp=sharing | M47: 0. akun admin kepsek,dan wakur belum ada | N47: 0. akun email sekolah | O47: FALSE | P47: 46181 | Q47: https://docs.google.com/spreadsheets/d/14f2NhnEJXwSLv6ijBlejGBHGbLHaQBPy/edit?usp=drive_link&ouid=115389489815414373079&rtpof=true&sd=true | R47: FALSE | S47: BELUM LENGKAP | T47: TRUE | V47: 46150
A48: 45 | B48: SMAN 1 Bantarsari | C48: Kab.Cilacap | D48: 81229879515 | E48: 7 | F48: 17806065 | G48: https://drive.google.com/file/d/1vOZkmEschjFxskysQPdAjZ9AQltfSL-a/view?usp=drive_link | I48: FALSE | J48: TRUE | K48: 46228 | L48: https://docs.google.com/spreadsheets/d/141gihvBrCgshRev2aMa-A7FlhKqLuSMBkgJA95bSCf8/edit?usp=sharing | M48: TRUE | N48: TRUE | O48: FALSE | P48: 46211 | Q48: https://docs.google.com/spreadsheets/d/1G5AaWGVN1pjtpc3U1IXT9ffka8R8OvM3/edit?usp=drive_link&ouid=115389489815414373079&rtpof=true&sd=true | R48: FALSE | S48: TOLERANSI | T48: TRUE | V48: 46181
A49: 46 | B49: SMAN 1 Sidareja | C49: Kab.Cilacap | D49: 81575801484 | E49: 3 | F49: 7631250 | G49: https://drive.google.com/file/d/1OU1EIvWH_kSBGr264hnC9RIAlyRefTUg/view?usp=drive_link | I49: FALSE | J49: TRUE | K49: 46228 | L49: https://docs.google.com/spreadsheets/d/17nMMeJIO4vF8O4eh7hIZ9oEVOwdVZaH1Eaaxh3s7O_8/edit?usp=sharing | N49: TRUE | O49: FALSE | P49: 46181 | Q49: https://docs.google.com/spreadsheets/d/1wcZBNEGUQ1XMak7qHVy-RL32LThvK4IF/edit?usp=drive_link&ouid=115389489815414373079&rtpof=true&sd=true | R49: FALSE | S49: BELUM LENGKAP | T49: TRUE | V49: 46181
A50: 47 | B50: SMAN 1 Sampang | C50: Kab.Cilacap | D50: 89514546646 | E50: 3 | F50: 7631250 | G50: https://drive.google.com/file/d/1clZa-VamiJST740vfPf67zqwsQ3izLZw/view?usp=drive_link | I50: FALSE | J50: TRUE | K50: 46227 | L50: https://docs.google.com/spreadsheets/d/1UR4PBHSoBREwGqeoiLM36LLcKZR24TW8-aEc5vq6f1c/edit?usp=sharing | M50: TRUE | N50: TRUE | O50: FALSE | P50: 46181 | Q50: https://docs.google.com/spreadsheets/d/1KoPDf6nLNsi_OcRMoz3V_JcnHtvPHPSN/edit?usp=drive_link&ouid=115389489815414373079&rtpof=true&sd=true | R50: FALSE | S50: TOLERANSI | T50: TRUE | V50: 46150
A51: 48 | B51: SMAN 1 Cipari | C51: Kab.Cilacap | D51: 81542876997 | E51: 4 | F51: 10174815 | G51: https://drive.google.com/file/d/1dfITN9ivDP-9IltEScpWcQNkuLt7hCTQ/view?usp=drive_link | I51: FALSE | J51: TRUE | K51: 46228 | L51: https://docs.google.com/spreadsheets/d/1XysqXMhz8nvKRoGGGcxg2BNS1ZbiEBN1WgQWSy1p6RI/edit?usp=sharing | M51: 0. masih ada 14 slot akun siswa | N51: akun dummy | O51: FALSE | P51: 46181 | Q51: https://docs.google.com/spreadsheets/d/1b7exNH2Zu95qH0_CIX-kiNXyicMm7JTH/edit?usp=drive_link&ouid=115389489815414373079&rtpof=true&sd=true | R51: FALSE | S51: TOLERANSI | T51: TRUE | V51: 46181
A52: 49 | B52: SMAN 1 Kroya | C52: Kab.Cilacap | D52: 81327100166 | E52: 3 | F52: 7631250 | G52: https://drive.google.com/file/d/1u1BjOnOIa8_UmRUzcHESacjlrPs9mX9w/view?usp=drive_link | I52: FALSE | J52: TRUE | K52: 46228 | L52: https://docs.google.com/spreadsheets/d/1R981J8JdvG3Qfpyzlk0fXYEgK0KSQ5s1zB3fmct6Sj8/edit?usp=sharing | M52: TRUE | N52: TRUE | O52: FALSE | Q52: https://docs.google.com/spreadsheets/d/1bRn51DWmeWfaKpYAxljpIM3_VKWuGYYm/edit?usp=drive_link&ouid=115389489815414373079&rtpof=true&sd=true | R52: FALSE | S52: BELUM LENGKAP | T52: TRUE | V52: 46150
A53: 50 | B53: SMAN 1 Majenang | C53: Kab.Cilacap | D53: 081903048987 (ibu) | E53: 3 | F53: 7631250 | G53: SMA N 1 Majenang Cilacap.pdf | I53: FALSE | J53: TRUE | K53: 46228 | L53: https://docs.google.com/spreadsheets/d/1bBRXtm7EmJnQVzL5V17e-vlSCdBXP8oEi7CdnX-AEhY/edit?usp=sharing | M53: TRUE | N53: TRUE | O53: FALSE | R53: FALSE | S53: BELUM LENGKAP | T53: TRUE | V53: 46181
A54: 51 | B54: SMAN 3 Cilacap | C54: Kab.Cilacap | D54: 81327776574 | E54: 3 | F54: 7631250 | G54: https://drive.google.com/file/d/1ZV11GuyfpFYJcNmqU12Ll-bpM1kcBanu/view?usp=drivesdk | I54: FALSE | J54: TRUE | K54: 46228 | L54: https://docs.google.com/spreadsheets/d/16SZrKSWyVw2UpCpkLQ1qpT1B9KwmNJDZMGU_Dd5Q86M/edit?usp=sharing | M54: masih ada slot 1 siswa | N54: akun dummy | O54: FALSE | P54: 46181 | Q54: https://docs.google.com/spreadsheets/d/1fvypzsKzIaUKKZ7yPVu5glKWLZEm2a-o/edit?usp=drive_link&ouid=115389489815414373079&rtpof=true&sd=true | R54: FALSE | S54: BELUM LENGKAP | T54: TRUE | V54: 46150
A55: 52 | B55: SMAN 3 Sragen | C55: Kab. Sragen | D55: 8562814207 | E55: 10 | F55: 25437315 | G55: https://drive.google.com/file/d/1wuFuR5jeAMLArKduym9ZaNIEW6tWvqsw/view?usp=drivesdk | I55: FALSE | J55: TRUE | K55: 46228 | L55: https://docs.google.com/spreadsheets/d/15dfRIP4L7IsB-GpFg9eFA8WJbd4b0U3iHY9o_-OWAzU/edit?usp=sharing | M55: 1. Akun guru masih ada 7 slot 2. Akun siswa masih ada 1 slot | N55: akun dummy | O55: FALSE | P55: 46181 | Q55: https://docs.google.com/spreadsheets/d/1KCb4shoRZsIZ7gVjalg_dehKjL5QXfDR/edit?usp=drive_link&ouid=115389489815414373079&rtpof=true&sd=true | R55: FALSE | S55: BELUM LENGKAP | T55: TRUE
A56: 53 | B56: SMAN 1 Tangen | C56: Kab. Sragen | D56: 082327544209 (bu supiyani) | E56: 7 | F56: 17806065 | G56: SMA N 1 Tangen Sragen.pdf | I56: FALSE | J56: TRUE | K56: 46231 | L56: https://docs.google.com/spreadsheets/d/1B8bn5LVf9kdPvPbjnL41NkuS10U7mUqTAkzdUNQmh-c/edit?usp=drive_link | M56: 1. Belum ada spreadsheet link pengumpulan akun | N56: 1. Belum ada spreadsheet link pengumpulan akun | O56: FALSE | P56: 46181 | Q56: https://docs.google.com/spreadsheets/d/10q5acfDIU-OQT1hR22mVms2tkg-dgLeP/edit?usp=drive_link&ouid=115389489815414373079&rtpof=true&sd=true | R56: FALSE | S56: BELUM LENGKAP | T56: TRUE
A57: 54 | B57: SMAN 11 Purworejo | C57: Kab. Purworejo | D57: +62 822-6818-9106 | E57: 5 | F57: 12718935 | G57: SMA N 11 Purworejo.pdf | I57: FALSE | J57: TRUE | K57: 46228 | L57: https://docs.google.com/spreadsheets/d/1vyWIujYuv5-C2-rgWf-BixptVd1ReS8Vk4XkO-w616k/edit?usp=sharing | M57: 0. masih ada 1 slot akun guru | N57: akun dummy | O57: FALSE | P57: 46181 | R57: FALSE | S57: BELUM LENGKAP | T57: TRUE | V57: 29/07/2026
A58: 55 | B58: SMA Budi Utomo Surakarta | C58: Kota Surakarta | D58: 081578358354 (pak rifqi) | E58: 6 | F58: 15262500 | G58: SMA BUDI UTOMO Surakarta.pdf | I58: FALSE | J58: TRUE | K58: 46230 | L58: https://docs.google.com/spreadsheets/d/1EAHWlMXEMx5kNnro-06ePcPwHcajwr0cL8O4yTlkqs0/edit?usp=sharing | M58: 0. akun guru terlebih 12 0. masih ada slot 17 akun siswa | N58: 0. diberikan 12 akun guru 0. akun dummy | O58: FALSE | P58: 46181 | R58: FALSE | S58: BELUM LENGKAP | T58: TRUE
A59: 56 | B59: SMAN 1 Prembun | C59: Kab. Kebumen | D59: 85742384744 (pak wahyu) | E59: 30 | F59: 76312500 | G59: SMA N 1 PREMBUN Kebumen.pdf | I59: FALSE | J59: TRUE | K59: 46230 | L59: https://docs.google.com/spreadsheets/d/1OGmrn_hOkqc0KyqTATXR7MfkOo_D_9cxNjkJJ9f_P-c/edit?usp=sharing | M59: 0. masih ada 56 slot akun guru 0. masih ada 16 slot akun siswa | N59: 0. akun dummy | O59: FALSE | P59: 46181 | R59: FALSE | S59: TOLERANSI | T59: TRUE | V59: 31/07/2026
A60: 57 | B60: SMAN 13 Semarang | C60: Kota Semarang | D60: 081904404908 (bu isna) | E60: 4 | F60: 10174815 | G60: SMA N 13 Semarang.pdf | I60: FALSE | J60: TRUE | K60: 46231 | L60: https://docs.google.com/spreadsheets/d/1FbW-di5WS4yDQC1myZEEd4o1quchBpHzzD7UNovDztY/edit?usp=drive_link | M60: 1. Belum ada spreadsheet link pengumpulan akun | N60: 1. Belum ada spreadsheet link pengumpulan akun | O60: FALSE | P60: 46181 | Q60: https://docs.google.com/spreadsheets/d/1XXm3YBUdXv6JB6HsBfVO5OoUhm0R-tAs/edit?usp=drive_link&ouid=115389489815414373079&rtpof=true&sd=true | R60: FALSE | S60: BELUM LENGKAP | T60: TRUE | V60: 46303
A61: 58 | B61: SMAN 2 Sragen | C61: Kab. Sragen | D61: 895390836566 | E61: 10 | F61: 25437315 | G61: SMA N 2 Sragen.pdf | I61: FALSE | J61: TRUE | K61: 46229 | L61: https://docs.google.com/spreadsheets/d/1cz1SSDQz43BGaL2BM82NZWb1eMyefiQiXMc5KX333EE/edit?usp=sharing | M61: 1. Belum ada spreadsheet link pengumpulan akun | N61: 1. Belum ada spreadsheet link pengumpulan akun | O61: FALSE | P61: 46181 | R61: FALSE | S61: BELUM LENGKAP | T61: TRUE
A62: 59 | B62: SMAN 6 Purworejo | C62: Kab. Purworejo | D62: 81392134636 | E62: 7 | F62: 17806065 | G62: SMA N 6 PURWOREJO.pdf | I62: FALSE | J62: TRUE | K62: 46230 | L62: https://docs.google.com/spreadsheets/d/1drvvz9WjvUsRbttIweWPa3rmi2ds-qnaFHk63SwM78A/edit?usp=sharing | M62: TRUE | N62: TRUE | O62: FALSE | P62: 46181 | Q62: https://docs.google.com/spreadsheets/d/1df_42m0VhXqjjjT4tIIY2pGmLKOkYk-S/edit?usp=drive_link&ouid=115389489815414373079&rtpof=true&sd=true | R62: FALSE | S62: LENGKAP | T62: TRUE | V62: 28/07/2026
A63: 60 | B63: SMAN 1 Jatilawang | C63: Kab. Banyumas | D63: 081226404122 (pak lutfi) | E63: 22 | F63: 55962315 | G63: https://drive.google.com/file/d/1MblcwQMm43DpuT1RD61ZRdBhe8ktQ1pf/view?usp=drive_link | I63: FALSE | J63: TRUE | K63: 46232 | L63: https://docs.google.com/spreadsheets/d/1QEMRz-KwAeaefReATnp7ljVSkq8DDNyA6aRU-fW-y1c/edit?usp=drive_link | M63: 1. belum ada akun admin dan kepsek 2. akun guru masih 24 slot 3. masih 8 slot akun siswa | O63: FALSE | P63: 46211 | Q63: https://docs.google.com/spreadsheets/d/1FLTszHysYRxd9k7gBhg2LZOLJMssbuMl/edit?usp=drive_link&ouid=115389489815414373079&rtpof=true&sd=true | R63: FALSE | S63: BELUM LENGKAP | T63: TRUE | V63: 30/07/2026
A64: 61 | B64: SMAN 1 Rawalo | C64: Kab. Banyumas | D64: 081327546685 (bu niken) | E64: 16 | F64: 40699815 | G64: https://drive.google.com/file/d/1ALNz7ruOGyLaFcTS8-NV8xvC32BCxmTh/view?usp=drive_link | I64: FALSE | J64: TRUE | K64: 46232 | L64: https://docs.google.com/spreadsheets/d/1sg9-w-U1bL1oXEluAzoMorntghgqtb4PyNbBG-UTRlo/edit?usp=drive_link | M64: 1. masih ada 10 slot akun guru, masih ada 6 slot akun siswa 2. jenjang yang mana yang free ? 12 3. tanggal pelaksanaan asesmen | N64: 1. akun dummy 2. kelas 12 3. tanggal asesmen? agustus | O64: FALSE | P64: 46181 | R64: FALSE | S64: BELUM LENGKAP | T64: TRUE | V64: 46258
A65: 62 | B65: SMAN 1 Patikraja | C65: Kab. Banyumas | D65: 85229606448 | E65: 17 | F65: 42243935 | G65: https://drive.google.com/file/d/1RUNtNU3HjOoRNGJyIS06Y6ieQ2Ndr2_L/view?usp=drive_link | I65: FALSE | J65: TRUE | K65: 46232 | L65: https://docs.google.com/spreadsheets/d/1BjTG9DqAn2oV7b9_YlxTF8CnxIqJUOZlYnhKvZcHR84/edit?usp=drive_link | M65: 0. masih ada slot 15 akun guru 0. masih ada slot 25 akun siswa 0. email siswa belum ada 0. email akun asesmen belum ada | N65: 0. akun dummy 0. email sekolah 0. tanggal asesmen? agustus | O65: FALSE | P65: 46181 | R65: FALSE | S65: BELUM LENGKAP | T65: TRUE | V65: 30/07/2026
A66: 63 | B66: SMAN 1 Salaman | C66: Kab. Magelang | D66: 81578164318 | E66: 22 | F66: 55962315 | G66: https://drive.google.com/file/d/1k41cSMuZb-p-gKnFYidOWBwxgUYLXnWy/view?usp=drive_linkk | I66: FALSE | J66: TRUE | K66: 46232 | L66: https://docs.google.com/spreadsheets/d/1UhGwhU6PUtI-YHvlUp8MBQkIsvSKoM4t2nTH4tPpTnc/edit?usp=drive_link | M66: 1. Belum ada spreadsheet link pengumpulan akun | N66: 1. Belum ada spreadsheet link pengumpulan akun | O66: FALSE | P66: 46181 | R66: FALSE | S66: BELUM LENGKAP | T66: TRUE | V66: 30/07/2026
A67: 64 | B67: SMAN 1 Karangkobar | C67: Kab. Banjarnegara | D67: 85326946400 | E67: 10 | F67: 25437315 | G67: https://drive.google.com/file/d/1gsRO8RNgpEBiZMMlslYTxhH8e5LwhYE7/view?usp=drive_link | I67: FALSE | J67: TRUE | K67: 46232 | L67: https://docs.google.com/spreadsheets/d/1IOYveo7WU0p6pUOJZctOjWAZ8rMeXuUJnwG-PjUzDLY/edit?usp=drive_link | M67: 1. Masih ada 16 slot akun siswa | N67: 0. akun dummy | O67: FALSE | P67: 46181 | R67: FALSE | S67: BELUM LENGKAP | T67: TRUE
A68: 65 | B68: SMAN 1 Sukodono | C68: Kab. Sragen | D68: 081228026286 (bu rastri) | E68: 8 | F68: 20350185 | G68: https://drive.google.com/file/d/1xtC98oXTNxAGQlJF4fz_wluX4xNuWyzM/view?usp=drive_link | I68: FALSE | J68: TRUE | K68: 46234 | L68: https://docs.google.com/spreadsheets/d/10n7NhSDPMTJFHr_eaWvMJs8HZqCgODz4x4CBhm1Nkfg/edit?gid=466295844#gid=466295844 | M68: 1. Masih ada 7 slot akun guru 2. Masih ada 11 slot akun siswa | N68: 1. Belum ada spreadsheet link pengumpulan akun | O68: FALSE | P68: 46181 | R68: FALSE | S68: BELUM LENGKAP | T68: TRUE
A69: 66 | B69: SMAN 1 Bandongan | C69: Kab. Magelang | D69: 081578749967 (pak yana) | E69: 4 | F69: 10174815 | G69: https://drive.google.com/file/d/1fdPdSr1pHwKf0sBZw1vi7_ArH0-m8tyy/view?usp=drive_link | I69: FALSE | J69: TRUE | K69: 46234 | L69: https://docs.google.com/spreadsheets/d/15Q9SUcg7iwlL_JcQDSukjJUJ41CWp-DnMTesQokZ8RE/edit?usp=sharing | M69: 0. akun email kepsek dan admin belum ada 0. guru terlebih 12 0. masih ada 10 slot akun guru | N69: 0. email sekolah 0. lebih 0. akun dummy | O69: FALSE | P69: 46181 | R69: FALSE | S69: BELUM LENGKAP | T69: TRUE
A70: 67 | B70: SMAN 1 Grabag | C70: Kab. Magelang | D70: 085729514555 (pak slamet) | E70: 10 | F70: 25437315 | G70: https://drive.google.com/file/d/1Ox8JTWwu3d_JuMyVD1HTcgooVMnw6Uhl/view?usp=drive_link | I70: FALSE | J70: TRUE | K70: 46234 | L70: https://docs.google.com/spreadsheets/d/1AlLr2hJ47ZN64xfmVUJa78FBX7hJS-Rt0DC0EsyR-yI/edit?usp=sharing | M70: 0. Masih ada 2 slot akun guru 0. masih ada 12 slot akun siswa | N70: akun dummy | O70: FALSE | P70: 46181 | R70: FALSE | S70: BELUM LENGKAP | T70: TRUE
A71: 68 | B71: SMAN 2 Grabag | C71: Kab. Magelang | D71: 081392154333 (bu tri yuniart) | E71: 8 | F71: 20350185 | G71: https://drive.google.com/file/d/1Dl8VvfrSb9ta9iHY8As1lfj02wNLfC7w/view?usp=drive_link | I71: FALSE | J71: TRUE | K71: 46234 | L71: https://docs.google.com/spreadsheets/d/1WxTei0TUoJ95BmE0B2wVTSSjM1qUWMo28rzRnVPOjZc/edit?usp=sharing | M71: 0. masih ada 1 slot akun guru 0. email akun guru dan siswa tidak ada 0. masih ada 252 slot akun siswa | N71: 0. akun dummy 0. email sekolah | O71: FALSE | P71: 46181 | R71: FALSE | S71: TOLERANSI | T71: TRUE
A72: 69 | B72: SMAN 1 Candimulyo | C72: Kab. Magelang | D72: 085701116614 (bu riska) | E72: 8 | F72: 20350185 | G72: https://drive.google.com/file/d/17LAozvGi0RtUuNiUbcvuAPQtkvurEXoE/view?usp=drive_link | I72: FALSE | J72: TRUE | K72: 46234 | L72: https://docs.google.com/spreadsheets/d/1voiDf-M2Fc8uGRv0Nqr0GUGEhall3DDC36328XYzXFE/edit?usp=sharing | M72: 0. masih ada 3 slot akun guru 0. masih ada 10 slot akun siswa | N72: akun dummy | O72: FALSE | P72: 46181 | R72: FALSE | S72: BELUM LENGKAP | T72: TRUE
A73: 70 | B73: SMAN 1 Polokarto | C73: Kab. Sukoharjo | D73: 081329353934 (bu aniek) | E73: 8 | F73: 20350185 | G73: https://drive.google.com/file/d/1ehsKOrp8YY7fUoArM1UaZlgYxnfmoMKO/view?usp=drive_link | I73: FALSE | J73: TRUE | K73: 46235 | L73: https://docs.google.com/spreadsheets/d/1JtqVOgkLx7zLD0j3XNDEwMUrKaMVZD3r6iKyw0OYdHk/edit?usp=sharing | M73: 1. Belum ada spreadsheet link pengumpulan akun | N73: 1. Belum ada spreadsheet link pengumpulan akun | O73: FALSE | P73: 46181 | R73: FALSE | S73: BELUM LENGKAP | T73: TRUE
A74: 71 | B74: SMAN 1 Gemolong | C74: Kab. Sragen | D74: 081232566849 (bu agustina) | E74: 10 | F74: 25437315 | G74: https://drive.google.com/file/d/1h_6mJFBpLATTOhGtT_-n2JEeJGN0HPtd/view?usp=drive_link | I74: FALSE | J74: TRUE | K74: 46235 | L74: https://docs.google.com/spreadsheets/d/1M-ssf3Og2uuO8WYQJviHPM_7Ep04toqdmAoS893omkM/edit?usp=sharing | M74: 1. Belum ada spreadsheet link pengumpulan akun | N74: 1. Belum ada spreadsheet link pengumpulan akun | O74: FALSE | P74: 46181 | R74: FALSE | S74: BELUM LENGKAP | T74: TRUE
A75: 72 | B75: SMAN 1 Dukun | C75: Kab. Magelang | D75: 081392505774 (pak agus) | E75: 8 | F75: 20350185 | G75: https://drive.google.com/file/d/1QPq1BTKV_E2-ggJlc-wmM-70qIrRpOJD/view?usp=drive_linkk | I75: FALSE | J75: TRUE | K75: belum | L75: https://docs.google.com/spreadsheets/d/17DKE4Sgbvwqxzc-b_gCIqW4O6Vf5nY4OWgMzM-C29-4/edit?usp=sharing | M75: 1. Belum ada spreadsheet link pengumpulan akun | N75: 1. Belum ada spreadsheet link pengumpulan akun | O75: FALSE | P75: 46181 | R75: FALSE | S75: BELUM LENGKAP | T75: TRUE
A76: 73 | B76: SMAN 1 Ngluwar | C76: Kab. Magelang | D76: 085878731383 (bu widi) | E76: 8 | F76: 20350185 | G76: https://drive.google.com/file/d/1tLfun8RorCLUXHr3Wfm6s9CFaykQht8g/view?usp=drive_link | I76: FALSE | J76: TRUE | K76: belum | L76: https://docs.google.com/spreadsheets/d/1vSX65lpyRosjRMTnMVvZefX-MAnZnXv7PfkfNyLVj5I/edit?usp=sharing | M76: 0. masih terdapat 1 slot akun guru 0. masih terdapat 17 slot akun siswa | N76: akun dummy | O76: FALSE | P76: 46181 | R76: FALSE | S76: BELUM LENGKAP | T76: TRUE
D77: DEADLINE 20 AGUSTUS | I77: FALSE | J77: FALSE | O77: FALSE | R77: FALSE
A78: 74 | B78: SMAN 1 Sragen | C78: Kab. Sragen | D78: 8562814207 | E78: 11 | F78: 27981435 | G78: https://drive.google.com/file/d/1KugUu7icWvSPxxkfdHhPEVZnH3Am1rmy/view?usp=drivesdk | I78: FALSE | J78: FALSE | L78: https://docs.google.com/spreadsheets/d/1u0dXr_l0lfw1dzaAkhrtwyqvGuH1oh1kygMScHTuvVc/edit?gid=1512552771#gid=1512552771 | M78: 1. Akun guru kelebihan 2 2. Akun siswa sisa 8 | N78: 0. akun dummy | O78: FALSE | P78: 46181 | R78: FALSE
A79: 75 | B79: SMAN 1 Kartasura | C79: Kab. Sukoharjo | D79: 81329039594 | E79: 22 | F79: 55962315 | G79: https://drive.google.com/file/d/1CEg_jR3x8wZQE05R-iXwU0kmsLmTFsyz/view?usp=drivesdk | I79: FALSE | J79: TRUE | K79: 46238 | L79: https://docs.google.com/spreadsheets/d/1nDBFcRzCBwVmBtDGtwXE3V581ODDDQsoZ617uYpqGnQ/edit?usp=sharing | M79: 1. Belum ada spreadsheet link pengumpulan akun | N79: 1. Belum ada spreadsheet link pengumpulan akun | O79: FALSE
A80: 76 | B80: SMAN 2 Purworejo | C80: Kab. Purworejo | D80: +6287839082666 (bapak andi) | E80: 17 | F80: 42243935 | I80: FALSE | J80: TRUE | K80: 46238 | L80: https://docs.google.com/spreadsheets/d/1YcJVyBg51VQF5zkdPPApkA-Iwvje1GwLZjXS-nsaAXE/edit?usp=sharing | M80: 0. masih terdapat 12 slot akun guru 0. masih ada 2 slot akun siswa 0. asesmen belum ada | N80: 0. akun dummy | O80: FALSE | V80: 46211
A81: 77 | B81: SMAN 1 MERTOYUDAN | C81: Kab. Magelang | D81: 6285713623157 | E81: 9 | F81: 22893750 | G81: https://drive.google.com/file/d/19ivLIspi4SU7xiD5jW_6ulk3rUN31ux9/view?usp=drivesdk | I81: FALSE | J81: FALSE | L81: https://docs.google.com/spreadsheets/d/1-5CF7273CWJ5EzmjsgHfyWRbYPQiXaQ9bu3W_OuC8nk/edit?gid=466295844#gid=466295844 | O81: FALSE
A82: 78 | B82: SMAN 2 Wonosobo | C82: Kab. Wonosobo | D82: 85292360232 | E82: 20 | F82: 50875185 | G82: https://drive.google.com/file/d/1Nknt_5FLxWRtwjG6QMbKr4VbXIfFgsv_/view?usp=drivesdk | I82: FALSE | J82: TRUE | K82: 46242 | L82: https://docs.google.com/spreadsheets/d/1RGqrZSMtMRYJa8KWJbYNabXJdDwOI9ODia8zkpVwavo/edit?usp=sharing | M82: 1. Masih ada 16 slot akun guru | N82: 1. Belum ada spreadsheet link pengumpulan akun | O82: FALSE
A83: 79 | B83: SMAN 1 Bandar | C83: Kab. Batang | D83: 85868812973 | E83: 4 | F83: 10174815 | G83: https://drive.google.com/file/d/1KDvEFiXWQCkvdR5hgR5y1S4w4-1SC0w_/view?usp=drivesdk | I83: FALSE | J83: TRUE | K83: 46242 | L83: https://docs.google.com/spreadsheets/d/1EoLNRhtafXkp82eBQ4rMPuC8Gs2KOOe4AnVii8Z8COs/edit?gid=466295844#gid=466295844 | M83: 1. Akun guru kelebihan 32 | N83: 1. Belum ada spreadsheet link pengumpulan akun | O83: FALSE
A84: 80 | B84: SMA Islam Sudirman Ambarawa | C84: Kab. Semarang | D84: 85292890701 | E84: 33 | G84: https://drive.google.com/file/d/1B0Aa5fDV4ecXTFJg9d__3HXQWmv6kx7x/view?usp=drivesdk | I84: FALSE | J84: TRUE | L84: https://docs.google.com/spreadsheets/d/1dRPWqwA2_PlyJmDdLwrCDOyQ54lJ85TbdUcmzMidkt8/edit?gid=466295844#gid=466295844 | M84: 1. Slot akun guru masih tersedia 68 2. Slot akun siswa masih tersedia 32 | N84: 1. Belum ada spreadsheet link pengumpulan akun | O84: FALSE
B85: DEADLINE 25 AGUSTUS | I85: FALSE | J85: TRUE
A86: 81 | B86: SMAN 1 Blora | C86: Kab. Blora | D86: 81326660529 | E86: 6 | G86: https://drive.google.com/file/d/1NLTrB8QHwT-TjboBYwKQNNA7xKET5BN_/view?usp=drivesdk | I86: FALSE | J86: TRUE | L86: https://docs.google.com/spreadsheets/d/1Yl9j-H-9fRBkzwT7bYaxx5hJh27p4SI29DgFo1WKaMw/edit?gid=466295844#gid=466295844
A87: 82 | B87: SMAN 1 Gondang | C87: Kab. Sragen | D87: 89534081318 | E87: 10 | G87: https://drive.google.com/file/d/1XEk1VENNgqP0N7zOKaiYkEARVxR94fG2/view?usp=drivesdk | I87: FALSE | J87: TRUE | L87: https://docs.google.com/spreadsheets/d/1DMIQhglOlVQ4FvZWUvcvo7OMwYOLOyHPS-ZcD75fiwk/edit?usp=sharing | M87: 1. Masih ada 2 slot akun guru 2. Masih ada 3 slot akun siswa
A88: 83 | B88: SMAN 1 Adipala | C88: Kab. Cilacap | D88: 83108734925 | E88: 3 | G88: https://drive.google.com/file/d/1cNlWOKhcMlBb-34zbg0dadWF_m5B5LqU/view?usp=drivesdk | I88: FALSE | J88: TRUE | L88: https://docs.google.com/spreadsheets/d/1awIu7ajMhgYM-lTEClTb_Zyq93-bCZkZdf1UgrPWk1k/edit?usp=sharing
A89: 84 | B89: SMAN 1 Wadaslintang | C89: Kab. Wonosobo | D89: 81215893884 | E89: 12 | G89: https://drive.google.com/file/d/1U5g-_KcSRwvXlievYuySQg-d5H319Ukk/view?usp=drivesdk | I89: FALSE | J89: TRUE
A90: 85 | B90: SMAN 1 Subah | C90: Kab. Batang | D90: 85225430727 | E90: 4 | G90: https://drive.google.com/file/d/1p64Ouxn6bQpW5mcvQVPNrzOo322EAz68/view?usp=drive_link | I90: FALSE | J90: TRUE | L90: https://docs.google.com/spreadsheets/d/1Vo1p-hmtFd-P3CWA02_S_g0hWuVsbeT9tGduzEOnSLo/edit?usp=sharing
A91: 86 | B91: SMAN 1 Bulu | C91: Kab. Sukoharjo | D91: 81548611891 | G91: https://drive.google.com/file/d/1kQMtB1PXI086wRJurg68mFKn4IfVeZpc/view?usp=drivesdk | I91: FALSE | J91: TRUE | L91: https://docs.google.com/spreadsheets/d/1-Xee8bU7nquFTCs3AgY8EbNxsVrkZgWNQVe2BWr7Z6Q/edit?gid=466295844#gid=466295844
A92: 87 | B92: SMAN 1 Gringsing | C92: Kab. Batang | G92: https://drive.google.com/file/d/1G6XvbmdQi6BTeyBjPcQZT89U73nF7kMo/view?usp=drivesdk | I92: FALSE | J92: TRUE | L92: https://docs.google.com/spreadsheets/d/1oIVJUZlF8P7TSDorlG_4VD_qVFvldtakVK9XOtNMDfg/edit?usp=sharing
A93: 88 | B93: SMAN 1 Muntilan | C93: Kab. Magelang | D93: 81229901807 | E93: 10 | G93: https://drive.google.com/file/d/12YGv0ewMYd6EbCRWtWXMFfHpFeBB23-f/view?usp=drivesdk | I93: FALSE | J93: TRUE
A94: 89 | B94: SMAN 1 Bukateja | C94: Kab. Purbalingga | E94: 10 | G94: https://drive.google.com/file/d/1PbO1manZkwTPeoa8VCHxm8Jd3qmodpmA/view?usp=drivesdk
A95: 90 | B95: SMAN 1 Boyolali | C95: Kab. Boyolali | D95: 081329110015 (kepsek) | E95: 3 | L95: SMAN 1 Boyolali.xlsx

Sheet PEMBUATAN AKUN B+
A6: SEKOLAH | B6: CATATAN
A7: SMAN 1 SRAGI | B7: Siswa membuat akun sendiri melalui aktuvasi

Sheet SPJ 
A1: No | B1: KIRIM SPJ | C1: Nama Sekolah | D1: SPJ SIPLAH | E1: A2 | F1: PKS | G1: Catatan
A2: 1 | B2: 13-10-26 | C2: SMAN 1 Kajen | D2: TRUE | E2: FALSE | F2: FALSE | G2: menunggu jawaban sekolah
A3: 2 | B3: 9/28/2026 (kurang surat penawaran) | C3: SMAN 1 Ambarawa | D3: TRUE | E3: TRUE | F3: FALSE | G3: Alamat pengiriman dokumen ke: Kepala SMAN 1 Ambarawa, Jl. Yos Sudarso no. 46, Kec. Ambarawa, Kab Semarang 50612, narahubung Yohana Yuliani WA, 082138231186 selain itu, kami jg membutuhkan surat penawaran dgn nomor surat dan tanggal diatas dan MOU/PKS tertanggal 24 Agustus 2026
A4: 3 | B4: 46291 | C4: SMAN 10 Semarang | D4: TRUE | E4: FALSE | F4: FALSE | G4: Ya mbak, tolong dokumen fisik dpt dikirimkan ke sekolah. Untuk Dokumen Siplah dan lainnya bisa komunikasi dg Bendahara Ibu Farah Dina (+62 81215279547) 1. SMAN 10 Semarang (Jl. Padi Raya No.16, Gebangsari, Kecamatan Genuk, Kota Semarang, Jawa Tengah 50117) 2. SMAN 11 Semarang (Jl. Lamper Tengah XIV, RT.01/RW.01, Kelurahan Lamper Tengah, Kecamatan Semarang Selatan, Kota Semarang, Jawa Tengah 50248) Terima kasih
A5: 4 | B5: 46291 | C5: SMAN 11 Semarang | D5: TRUE | E5: FALSE | F5: FALSE | G5: Ya mbak, tolong dokumen fisik dpt dikirimkan ke sekolah. 1. SMAN 10 Semarang (Jl. Padi Raya No.16, Gebangsari, Kecamatan Genuk, Kota Semarang, Jawa Tengah 50117) 2. SMAN 11 Semarang (Jl. Lamper Tengah XIV, RT.01/RW.01, Kelurahan Lamper Tengah, Kecamatan Semarang Selatan, Kota Semarang, Jawa Tengah 50248) Terima kasih konfirm ke bendagaea
A6: 5 | B6: 13-10-26 | C6: SMAN 2 Ungaran | D6: TRUE | E6: FALSE | F6: FALSE | G6: Pagi pak untuk dokumen mohon dikirim dalam bentuk cetak/print Dapat dikirim melalui alamat Jl. Diponegoro No.277, Ngablak, Candirejo, Kec. Ungaran Bar., Kabupaten Semarang, Jawa Tengah Narahubung : Faishal - 085727449295 Termasuk nota dan kwitansi pembayaran
A7: 6 | B7: konfirm | C7: SMAN 1 Klaten | D7: FALSE | E7: FALSE | F7: FALSE | G7: belum bayar
A8: 7 | B8: belum bayar | C8: SMAN 2 Klaten | D8: TRUE | E8: FALSE | F8: FALSE | G8: belum bayar
A9: 8 | B9: 46293 | C9: SMAN 3 Klaten | D9: TRUE | E9: TRUE | F9: FALSE | G9: Untuk pengiriman dokumen bisa ke alamat berikut nggih : Nama : Ahyana Febri Eka Saputri Alamat : SMAN 3 Klaten Jl. Mayor sunaryo 42 jonggrangan Klaten utara 57435 Nomor HP : 08562580203
A10: 9 | B10: FALSE | C10: SMAN 1 Sragi | D10: FALSE | E10: FALSE | F10: FALSE | G10: belum bayar
A11: 10 | B11: FALSE | C11: SMAN 3 Surakarta | D11: FALSE | E11: FALSE | F11: FALSE | G11: belum bayar
A12: 11 | B12: 13-10-26 | C12: SMAN 1 Purwokerto | D12: TRUE | E12: FALSE | F12: FALSE | G12: SPJ scan
A13: 12 | B13: 46293 | C13: SMAN 2 Purbalingga | D13: TRUE | E13: TRUE | F13: FALSE | G13: +62 852-2737-3018
A14: 13 | B14: 46293 | C14: SMAN 1 REMBANG | D14: TRUE | E14: FALSE | F14: FALSE | G14: pengiriman ke pak sam
A15: 14 | B15: 46293 | C15: SMAN 1 KUTASARI | D15: TRUE | E15: FALSE | F15: FALSE | G15: menunggu dokumen tambahan
A16: 15 | B16: 46293 | C16: SMAN 1 BOBOTSARI | D16: TRUE | E16: FALSE | F16: FALSE | G16: menunggu jawaban sekolah
A17: 16 | B17: 46293 | C17: SMAN 1 KARANGREJA | D17: TRUE | E17: FALSE | F17: FALSE | G17: menunggu jawaban sekolah
A18: 17 | B18: FALSE | C18: SMAN 1 KEMANGKON | D18: FALSE | E18: FALSE | F18: FALSE | G18: belum bayar
A19: 18 | B19: FALSE | C19: SMAN 1 Surakarta | D19: FALSE | E19: FALSE | F19: FALSE | G19: belum bayar
A20: 19 | B20: FALSE | C20: SMAN 6 Surakarta | D20: FALSE | E20: FALSE | F20: FALSE | G20: belum bayar
A21: 20 | B21: FALSE | C21: SMAN 7 Surakarta | D21: FALSE | E21: FALSE | F21: FALSE | G21: belum bayar
A22: 21 | B22: FALSE | C22: SMAN 5 Surakarta | D22: FALSE | E22: FALSE | F22: FALSE | G22: belum bayar
A23: 22 | B23: FALSE | C23: SMAN 8 Surakarta | D23: FALSE | E23: FALSE | F23: FALSE | G23: belum bayar
A24: 23 | B24: FALSE | C24: SMAN 4 Surakarta | D24: FALSE | E24: FALSE | F24: FALSE | G24: belum bayar
A25: 24 | B25: 29/09/2026 | C25: SMAN 1 Tuntang | D25: TRUE | E25: FALSE | F25: FALSE | G25: menunggu jawaban sekolah
A26: 25 | B26: FALSE | C26: SMAN 1 Bojong | D26: FALSE | E26: FALSE | F26: FALSE | G26: belum bayar
A27: 26 | B27: 13/10/2026 | C27: SMAN 10 Purworejo | D27: TRUE | E27: TRUE | F27: FALSE | G27: menunggu jawaban sekolah
A28: 27 | B28: 13-10-26 | C28: SMAN 1 Purworejo | D28: TRUE | E28: TRUE | F28: FALSE | G28: cetak di sheet 2 kirim ke SMA NEGERI 1 PURWOREJO, JL. Tentara Pelajar No. 55 Sibung Pangenjurutengah Kec. Purworejo. Kab. Purworejo a.n Yuni Nurhayati-085878474228 Mou untuk paket kelas XI dengan rombel 11 kelas (@36 siswa) tahun anggaran 2026-2027 identitas KS nama : Cahyo Winarno, S.Pd., M.Pd. NIP. 197510221999031006
A29: 28 | B29: 13-10-26 | C29: SMAN 1 Maos | D29: TRUE | E29: TRUE | F29: FALSE | G29: belum bayar
A30: 29 | B30: 46293 | C30: SMAN 9 Surakarta | D30: TRUE | E30: FALSE | F30: FALSE | G30: +62 822-4241-0477
A31: 30 | B31: FALSE | C31: SMAN 2 Surakarta | D31: FALSE | E31: FALSE | F31: FALSE | G31: belum bayar
A32: 31 | B32: 46291 | C32: SMAN 1 Weleri | D32: TRUE | E32: TRUE | F32: FALSE | G32: Dikirim ke Sri Widarti Alamat SMAN 1 Weleri, Jln Bahari No 17, Peniten Desa Karanganom, kec. Weleri, Kab. Kendal, Jawa Tengah.
A33: 32 | B33: FALSE | C33: SMAN 7 Semarang | D33: FALSE | E33: FALSE | F33: FALSE | G33: belum bayar
A34: 33 | B34: FALSE | C34: SMAN 1 Mirit | D34: FALSE | E34: FALSE | F34: FALSE | G34: belum bayar
A35: 34 | B35: tambahan a2 | C35: SMAN 1 Kebumen | D35: FALSE | E35: FALSE | F35: FALSE | G35: belum bayar
A36: 35 | B36: 13-10-26 | C36: SMAN 1 Batang | D36: TRUE | E36: TRUE | F36: FALSE | G36: menunggu jawaban sekolah
A37: 36 | C37: SMAN 1 Kutowinangun | D37: FALSE | E37: FALSE | F37: FALSE | G37: belum bayar
A38: 37 | B38: 13-10-26 | C38: SMAN 1 Bawang | D38: TRUE | E38: FALSE | F38: FALSE | G38: +62 813-2807-5347 (catur)
A39: 38 | B39: 46032 | C39: SMAN 2 Batang | D39: TRUE | E39: FALSE | F39: FALSE | G39: menunggu jawaban sekolah
A40: 39 | B40: 13-10-26 | C40: SMAN 3 Sukoharjo | D40: TRUE | E40: FALSE | F40: FALSE | G40: menunggu jawaban sekolah
A41: 40 | B41: FALSE | C41: SMAN 2 Sukoharjo | D41: FALSE | E41: FALSE | F41: FALSE | G41: belum bayar
A42: 41 | B42: nama kepsek diganti | C42: SMAN 1 Nguter | D42: TRUE | E42: FALSE | F42: FALSE | G42: Rudi hartanto
A43: 42 | B43: FALSE | C43: SMA 1 Tawangsari | D43: FALSE | E43: FALSE | F43: FALSE | G43: belum bayar
A44: 43 | B44: FALSE | C44: SMAN 1 Sukoharjo | D44: FALSE | E44: FALSE | F44: FALSE | G44: belum bayar
A45: 44 | B45: FALSE | C45: SMAN 1 Cilacap | D45: FALSE | E45: FALSE | F45: FALSE | G45: belum bayar
A46: 45 | B46: FALSE | C46: SMAN 1 Bantarsari | D46: FALSE | E46: FALSE | F46: FALSE | G46: belum bayar
A47: 46 | B47: 46293 | C47: SMAN 1 Sidareja | D47: TRUE | E47: FALSE | F47: FALSE | G47: Untuk dokumen Siplah maupun MOU bisa dikirimkan dalam bentuk fisik untuk SPJ.
A48: 47 | B48: 46293 | C48: SMAN 1 Sampang | D48: TRUE | E48: TRUE | F48: FALSE | G48: menunggu dokumen tambahan
A49: 48 | B49: 13-10-26 | C49: SMAN 1 Cipari | D49: TRUE | E49: FALSE | F49: FALSE | G49: menunggu jawaban sekolah
A50: 49 | B50: 46293 | C50: SMAN 1 Kroya | D50: TRUE | E50: FALSE | F50: FALSE | G50: Alamat pengiriman: Ibu Sudarminingsih SMAN 1 Kroya Jl. Candradimuka Kroya, Kec. Kroya, Kab. Cilacap Narahubung: +62 813-2700-2653 No Kontak terlampir.
A51: 50 | B51: FALSE | C51: SMAN 1 Majenang | D51: FALSE | E51: FALSE | F51: FALSE | G51: belum bayar
A52: 51 | B52: FALSE | C52: SMAN 3 Cilacap | D52: FALSE | E52: FALSE | F52: FALSE | G52: belum bayar
A53: 52 | B53: FALSE | C53: SMAN 3 Sragen | D53: FALSE | E53: FALSE | F53: FALSE | G53: belum bayar
A54: 53 | B54: 13-10-26 | C54: SMAN 1 Tangen | D54: TRUE | E54: FALSE | F54: FALSE | G54: menunggu jawaban sekolah
A55: 54 | B55: FALSE | C55: SMAN 11 Purworejo | D55: FALSE | E55: FALSE | F55: FALSE | G55: belum bayar
A56: 55 | B56: FALSE | C56: SMA Budi Utomo Surakarta | D56: FALSE | E56: FALSE | F56: FALSE | G56: belum bayar
A57: 56 | B57: FALSE | C57: SMAN 1 Prembun | D57: FALSE | E57: FALSE | F57: FALSE | G57: belum bayar
A58: 57 | B58: menunggu a2 | C58: SMAN 13 Semarang | D58: TRUE | E58: FALSE | F58: FALSE
A59: 58 | B59: 46293 | C59: SMAN 2 Sragen | D59: TRUE | E59: TRUE | F59: FALSE | G59: menunggu dokumen tambahan
A60: 59 | B60: FALSE | C60: SMAN 6 Purworejo | D60: FALSE | E60: FALSE | F60: FALSE | G60: belum bayar
A61: 60 | B61: FALSE | C61: SMAN 1 Jatilawang | D61: FALSE | E61: FALSE | F61: FALSE | G61: belum bayar
A62: 61 | B62: 46293 | C62: SMAN 1 Rawalo | D62: TRUE | E62: FALSE | F62: FALSE | G62: Kirim fisik berkas siplah, nota kuitansi dan PKS ke NIKEN HENDRAWATISARI SMAN 1 RAWALO JL Pawiyatan No 1 RT 01 RW 01 Pesawahan, Rawalo ,Banyumas, JAWA TENGAH 53173
A63: 62 | B63: FALSE | C63: SMAN 1 Patikraja | D63: FALSE | E63: FALSE | F63: FALSE | G63: belum bayar
A64: 63 | B64: FALSE | C64: SMAN 1 Salaman | D64: FALSE | E64: FALSE | F64: FALSE | G64: belum bayar
A65: 64 | B65: 46293 | C65: SMAN 1 Karangkobar | D65: TRUE | E65: TRUE | F65: FALSE | G65: menunggu jawaban sekolah
A66: 65 | B66: FALSE | C66: SMAN 1 Sukodono | D66: FALSE | E66: FALSE | F66: FALSE | G66: belum bayar
A67: 66 | B67: FALSE | C67: SMAN 1 Bandongan | D67: FALSE | E67: FALSE | F67: FALSE | G67: belum bayar
A68: 67 | B68: 46293 | C68: SMAN 1 Grabag | D68: TRUE | E68: FALSE | F68: FALSE
A69: 68 | B69: FALSE | C69: SMAN 2 Grabag | D69: FALSE | E69: FALSE | F69: FALSE | G69: belum bayar
A70: 69 | B70: FALSE | C70: SMAN 1 Candimulyo | D70: FALSE | E70: FALSE | F70: FALSE | G70: belum bayar
A71: 70 | B71: 46032 | C71: SMAN 1 Polokarto | D71: TRUE | E71: FALSE | F71: FALSE | G71: SMA Negeri 1 Polokarto. D/a Dusun Butuh, Desa godog, kecamatan Polokarto, Kabupaten Sukoharjo
A72: 71 | B72: FALSE | C72: SMAN 1 Gemolong | D72: FALSE | E72: FALSE | F72: FALSE | G72: belum bayar
A73: 72 | B73: tambahan a2 | C73: SMAN 1 Dukun | D73: TRUE | E73: FALSE | F73: FALSE
A74: 73 | B74: 46291 | C74: SMAN 1 Ngluwar | D74: TRUE | E74: FALSE | F74: TRUE | G74: SMA Negeri 1 Ngluwar (Winda Dewi Puspasari) '+62 857-1267-2720 Dongkelan, Plosogede, Ngluwar, Magelang, Jateng 56485
A75: 74 | B75: menunggu a2 | C75: SMAN 1 Sragen | D75: TRUE | E75: FALSE | F75: FALSE | G75: menunggu jawaban sekolah
A76: 75 | B76: FALSE | C76: SMAN 1 Kartasura | D76: FALSE | E76: FALSE | F76: FALSE | G76: belum bayar
A77: 76 | B77: FALSE | C77: SMAN 2 Purworejo | D77: FALSE | E77: FALSE | F77: FALSE
A78: 77 | B78: 46293 | C78: SMAN 1 MERTOYUDAN | D78: TRUE | E78: TRUE | F78: FALSE | G78: menunggu jawaban sekolah
A79: 78 | B79: FALSE | C79: SMAN 2 Wonosobo | D79: FALSE | E79: FALSE | F79: FALSE | G79: belum bayar
A80: 79 | B80: 13-10-26 | C80: SMAN 1 Bandar | D80: TRUE | E80: FALSE | F80: FALSE | G80: kirim fisik
A81: 80 | B81: siapkan | C81: SMA Islam Sudirman Ambarawa | D81: FALSE | E81: FALSE | F81: FALSE | G81: belum bayar
A82: 81 | B82: FALSE | C82: SMAN 1 Blora | D82: FALSE | E82: FALSE | F82: FALSE | G82: belum bayar
A83: 82 | B83: FALSE | C83: SMAN 1 Adipala | D83: FALSE | E83: FALSE | F83: FALSE | G83: belum bayar
A84: 83 | B84: FALSE | C84: SMAN 1 Gondang | D84: FALSE | E84: FALSE | F84: FALSE | G84: belum bayar
A85: 84 | B85: FALSE | C85: SMAN 1 Wadaslintang | D85: FALSE | E85: FALSE | F85: FALSE | G85: belum bayar
A86: 85 | B86: 13-10-26 | C86: SMAN 1 Subah | D86: TRUE | E86: FALSE | F86: FALSE | G86: Nugraheni Sarasanti SMA N 1 SUBAH Jl. Raya Jatisari Subah Kab. Batang Jawa Tengah 51262 (085226892977)
A87: 86 | B87: FALSE | C87: SMAN 1 Bulu | D87: FALSE | E87: FALSE | F87: FALSE | G87: belum bayar
A88: 87 | B88: 46293 | C88: SMAN 1 Gringsing | D88: TRUE | E88: FALSE | F88: FALSE | G88: Untuk SPJ dan PKS dari SMAN 1 GRINGSING meminta dalam bentuk fisik bapak, bisa dikirimkan ke alamat Jalan Karanganyar Desa Lebo Kec. Gringsing, Kab, Batang 51281 CP:Indah Puspitasari (HP/WA:0858 9986 7629)
A89: 88 | B89: FALSE | C89: SMAN 1 Muntilan | D89: FALSE | E89: FALSE | F89: FALSE | G89: belum bayar
A90: 89 | B90: 13-10-26 | C90: SMAN 1 Bukateja | D90: TRUE | E90: TRUE | F90: FALSE | G90: belum bayar | H90: No 1 dan 2 di kirim dalam bentuk fisik. Kepada : Fitri Susiadi Chaerudin SMAN 1 Bukateja Jl. Purwandaru Bukateja, Kec. Bukateja, Kab. Purbalingga, Jawa Tengah. Kode Pos : 53382 No HP : 085726424242
A91: 90 | C91: SMAN 1 Boyolali

Sheet UPDATE AKUN
A1: Nama Sekolah | B1: Tanggal Kirim Akun | C1: Kekurangan | D1: Keterangan | E1: SPJ + Dokumen
A2: SMAN 1 Kajen | B2: 21/08/2026 | C2: lengkap
A3: SMAN 1 Ambarawa | B3: 21/08/2026 | C3: lengkap
A4: SMAN 10 Semarang | B4: 19/08/2026 | D4: konfirmasi 23 akun siswa
A5: SMAN 11 Semarang | B5: 21/08/2026
A6: SMAN 2 Ungaran | B6: 21/08/2026
A7: SMAN 1 Klaten | B7: 21/08/2026 | C7: lengkap | E7: asesmen semua belum dikirim
A8: SMAN 2 Klaten | B8: 21/08/2026 | C8: lengkap
A9: SMAN 3 Klaten | B9: 21/08/2026 | C9: lengkap
A10: SMAN 1 Sragi | B10: 21/08/2026
A11: SMAN 3 Surakarta | B11: 21/08/2026 | C11: lengkap
A12: SMAN 1 Purwokerto | B12: 21/08/2026 | C12: tanggal asesmen
A13: SMAN 2 Purbalingga | B13: 21/08/2026 | C13: tanggal asesmen | H13: 1. SMAN 1 Nguter : kurang akun asesmen. Belum lengkap tanggal asesmen nya
A14: SMAN 1 REMBANG | B14: 21/08/2026 | C14: tanggal asesmen | H14: 2. SMAN 9 Surakarta : lengkap
A15: SMAN 1 KUTASARI | B15: 21/08/2026 | C15: tanggal asesmen | H15: 3. SMAN 4 Surakarta : kurang akun asesmen. Belum lengkap data asesmen nya
A16: SMAN 1 BOBOTSARI | B16: 21/08/2026 | H16: 4. SMAN 7 Semarang : kurang akun asesmen. Belum lengkap tanggal asesmen nya
A17: SMAN 1 KARANGREJA | B17: 21/08/2026 | C17: tanggal asesmen | H17: 5. SMAN 1 Prembun : lengkap
A18: SMAN 1 KEMANGKON | B18: 21/08/2026 | C18: lengkap | H18: 6. SMAN 2 Purworejo : kurang akun asesmen. Belum lengkap data asesmen nya
A19: SMAN 1 Surakarta | B19: 21/08/2026 | C19: lengkap | H19: 7. SMAN 2 Ungaran : kurang akun asesmen. Belum lengkap tanggal asesmen nya
A20: SMAN 6 Surakarta | B20: 19/08/2026 | D20: pergantian jenjang 21/08/2026 | H20: 8. SMAN 1 Weleri : lengkap
A21: SMAN 7 Surakarta | B21: 21/08/2026 | C21: lengkap | H21: 9. SMAN 1 Maos : lengkap
A22: SMAN 5 Surakarta | B22: 21/08/2026 | C22: lengkap | H22: 10. SMAN 3 Cilacap : lengkap
A23: SMAN 8 Surakarta | B23: 21/08/2026 | C23: data asesmen | H23: 11. SMAN 1 Tawangsari : kurang akun asesmen. Belum lengkap tanggal asesmen nya
A24: SMAN 4 Surakarta | B24: 21/08/2026 | H24: 12. SMAN 2 Purbalingga : kurang akun asesmen. Belum lengkap tanggal asesmen nya
A25: SMAN 1 Tuntang | B25: 21/08/2026 | C25: data asesmen | H25: 13. SMAN 1 Klaten : lengkap
A26: SMAN 1 Bojong | B26: 21/08/2026 | C26: lengkap | H26: 14. SMAN 1 Sragi : kurang akun asesmen. data lengkap
A27: SMAN 10 Purworejo | B27: 21/08/2026 | C27: lengkap | H27: 15. SMAN 1 Kajen : lengkap
A28: SMAN 1 Purworejo | B28: 21/08/2026 | C28: lengkap | H28: 16. SMAN 1 Purwokerto : kurang akun asesmen. Belum lengkap tanggal asesmen nya
A29: SMAN 1 Maos | B29: 21/08/2026 | C29: lengkap | H29: 17. SMAN 1 Surakarta : lengkap
A30: SMAN 9 Surakarta | B30: 21/08/2026 | C30: lengkap | H30: 18. SMAN 5 Surakarta : lengkap
A31: SMAN 2 Surakarta | B31: 21/08/2026 | C31: lengkap | H31: 19. SMAN 2 Surakarta : lengkap
A32: SMAN 1 Weleri | B32: 21/08/2026 | C32: lengkap | H32: 20. SMAN 9 Surakarta : lengkap
A33: SMAN 7 Semarang | B33: 21/08/2026 | C33: tanggal asesmen | H33: 21. SMAN 8 Surakarta : kurang akun asesmen. Belum lengkap data asesmen nya
A34: SMAN 1 Mirit | B34: 21/08/2026 | C34: lengkap | H34: 22. SMAN 1 Tuntang : kurang akun asesmen. Belum lengkap data asesmen nya
A35: SMAN 1 Kebumen | B35: 21/08/2026 | C35: tanggal asesmen | H35: 23. SMAN 1 Weleri : lengkap
A36: SMAN 1 Batang | B36: 19/08/2026 | D36: proses oleh PE | H36: 24. SMAN 7 Surakarta : lengkap dengan akun kosongan
A37: SMAN 1 Kutowinangun | B37: 21/08/2026 | C37: tanggal asesmen | H37: 25. SMAN 1 Purworejo : lengkap
A38: SMAN 1 Bawang | B38: 21/08/2026 | C38: lengkap | H38: 26. SMAN 1 Kebumen : kurang akun asesmen. Belum lengkap tanggal asesmen nya
A39: SMAN 2 Batang | B39: 21/08/2026 | C39: lengkap | H39: 27. SMAN 1 Mirit : lengkap
A40: SMAN 3 Sukoharjo | B40: 21/08/2026 | C40: data asesmen | H40: 28. SMAN 1 Kutowinangun : kurang akun asesmen. Belum lengkap tanggal asesmen nya
A41: SMAN 2 Sukoharjo | B41: 21/08/2026 | H41: 29. SMAN 1 Maos : lengkap
A42: SMAN 1 Nguter | B42: 21/08/2026 | C42: tanggal asesmen | H42: 30. SMAN 2 Klaten : update oleh bu seli
A43: SMA 1 Tawangsari | B43: 21/08/2026 | C43: tanggal asesmen | H43: 31. SMAN 3 Klaten : lengkap
A44: SMAN 1 Sukoharjo | B44: 21/08/2026 | H44: 32. SMAN 1 Ambarawa : lengkap
A45: SMAN 1 Cilacap | B45: 21/08/2026 | C45: lengkap | H45: 33. SMAN 2 Ungaran : kurang akun asesmen. Belum lengkap tanggal asesmen nya
A46: SMAN 1 Bantarsari | B46: 21/08/2026 | C46: lengkap | H46: 34. SMAN 11 Purworejo : lengkap
A47: SMAN 1 Sidareja | B47: 21/08/2026 | C47: lengkap | H47: 35. SMAN 1 Cilacap : lengkap
A48: SMAN 1 Sampang | B48: 21/08/2026 | C48: lengkap | H48: 36. SMAN 1 Bantarsari : lengkap
A49: SMAN 1 Cipari | B49: 21/08/2026 | C49: lengkap | F49: belum input | H49: 37. SMAN 1 Sidareja : lengkap
A50: SMAN 1 Kroya | B50: 21/08/2026 | C50: lengkap | H50: 38. SMAN 1 Majenang : lengkap. data kelas masih kurang
A51: SMAN 1 Majenang | B51: 21/08/2026 | C51: lengkap | H51: 39. SMAN 1 Cipari : lengkap
A52: SMAN 3 Cilacap | B52: 21/08/2026 | C52: lengkap | H52: 40. SMAN 1 Kroya : lengkap
A53: SMAN 3 Sragen | B53: 21/08/2026 | C53: lengkap | H53: 41. SMAN 1 Sukoharjo : kurang akun asesmen. data lengkap
A54: SMAN 1 Tangen | B54: 21/08/2026 | C54: lengkap | H54: 42. SMAN 1 Batang : update oleh bu seli. data sudah lengkap
A55: SMAN 11 Purworejo | B55: 21/08/2026 | C55: lengkap | H55: 43. SMAN 2 Batang : lengkap dengan akun kosongan
A56: SMA Budi Utomo Surakarta | B56: 46031 | H56: 44. SMAN 2 Sragen : lengkap dengan akun kosongan
A57: SMAN 1 Prembun | B57: 21/08/2026 | C57: lengkap | H57: 45. SMAN 10 Semarang : update oleh bu seli
A58: SMAN 13 Semarang | B58: 21/08/2026 | C58: lengkap | H58: 46. SMAN 11 Semarang : kurang akun asesmen. data lengkap
A59: SMAN 2 Sragen | B59: 21/08/2026 | C59: lengkap | H59: 47. SMAN 2 Sukoharjo : kurang akun asesmen. data lengkap
A60: SMAN 6 Purworejo | B60: 21/08/2026 | C60: lengkap | H60: 48. SMAN 6 Purworejo : lengkap
A61: SMAN 1 Jatilawang | B61: 21/08/2026 | C61: tanggal asesmen | H61: 49. SMAN 1 Salaman : proses oleh bu seli. masih ada 16 slot akun guru. masih ada 12 slot akun siswa. akun asesmen belum lengkap
A62: SMAN 1 Rawalo | B62: 21/08/2026 | C62: tanggal asesmen | H62: 50. SMAN 1 Polokarto : proses oleh bu seli
A63: SMAN 1 Patikraja | B63: 21/08/2026 | C63: tanggal asesmen | H63: 51. SMAN 1 Gemolong : lengkap dengan akun kosongan. proses check
A64: SMAN 1 Salaman | B64: 19/08/2026 | D64: proses oleh PE | H64: 52. SMAN 1 Dukun : lengkap
A65: SMAN 1 Karangkobar | B65: 21/08/2026 | C65: lengkap | H65: 53. SMAN 1 Ngluwar : lengkap
A66: SMAN 1 Sukodono | B66: 46031 | H66: 54. SMAN 1 Sragen : masih ada 8 slot akun siswa. proses oleh bu seli
A67: SMAN 1 Bandongan | B67: 21/08/2026 | C67: lengkap | H67: 55. SMAN 1 Kartasura : kurang akun asesmen. data lengkap
A68: SMAN 1 Grabag | B68: 21/08/2026 | C68: lengkap | H68: 56. SMAN 1 Bandongan : lengkap, akun berlebih*
A69: SMAN 2 Grabag | B69: 21/08/2026 | C69: lengkap | H69: 57. SMAN 1 Bawang : lengkap
A70: SMAN 1 Candimulyo | B70: 21/08/2026 | C70: lengkap | H70: 58. SMAN 1 Candimulyo : lengkap
A71: SMAN 1 Polokarto | B71: 20/08/2026 | D71: proses oleh PE | H71: 59. SMAN 1 Bojong : lengkap dengan akun kosongan
A72: SMAN 1 Gemolong | D72: menunggu 3 september | H72: 60. SMAN 1 Grabag : lengkap
A73: SMAN 1 Dukun | B73: 21/08/2026 | C73: lengkap | H73: 61. SMAN 1 Jatilawang : kurang akun asesmen. Belum lengkap tanggal asesmen nya
A74: SMAN 1 Ngluwar | B74: 21/08/2026 | C74: lengkap | H74: 62. SMAN 1 Karangkobar : lengkap
A75: SMAN 1 Sragen | B75: 46031 | H75: 63. SMAN 1 Kemangkon : lengkap, akun berlebih*
A76: SMAN 1 Kartasura | B76: 21/08/2026 | H76: 64. SMAN 1 Patikraja : kurang akun asesmen. Belum lengkap tanggal asesmen nya
A77: SMAN 2 Purworejo | B77: 21/08/2026 | C77: data asesmen | H77: 65. SMAN 1 Rawalo : kurang akun asesmen. Belum lengkap tanggal asesmen nya
A78: SMAN 1 MERTOYUDAN | B78: 46031 | H78: 66. SMAN 1 Rembang : kurang akun asesmen. Belum lengkap tanggal asesmen nya
A79: SMAN 2 Wonosobo | B79: hold | H79: 67. SMAN 1 Sukoodono : lengkap dengan akun kosongan
A80: SMAN 1 Bandar | B80: 46031 | H80: 68. SMAN 1 Tangen : lengkap dengan akun kosongan
A81: SMA Islam Sudirman Ambarawa | B81: 46031 | H81: 69. SMAN 2 Grabag : lengkap
A82: SMAN 1 Blora | D82: menunggu 5 september | H82: 70. SMAN 3 Sragen : lengkap
A83: SMAN 1 Gondang | B83: 46031 | H83: 71. SMAN 3 Sukoharjo : lengkap dengan akun kosongan. dan akun asesmen gaada
A84: SMAN 1 Adipala | D84: menunggu 5 september | H84: 72. SMAN 13 Semarang : lengkap dengan akun kosongan
A85: SMAN 1 Wadaslintang | B85: hold | H85: 73. SMAN 1 Karangreja : kurang akun asesmen. Belum lengkap tanggal asesmen nya
A86: SMAN 1 SUBAH | H86: 74. SMAN 1 Kutasari : kurang akun asesmen. Belum lengkap tanggal asesmen nya
A87: SMAN 1 BULU | H87: 75. SMAN 1 Sampang : lengkap
A88: SMAN 1 GRINGSING | H88: 76. SMAN 3 Surakarta : lengkap
D89: asesmen | E89: tanggal UTS | H89: 77. SMAN 10 Purworejo : lengkap, akun berlebih*
A90: SMAN 1 Kajen | B90: 21/08/2026 | C90: lengkap | F90: 55962315
A91: SMAN 1 Ambarawa | B91: 21/08/2026 | C91: lengkap | F91: 61050000
A92: SMAN 10 Semarang | B92: 19/08/2026 | E92: belum konfirm | F92: 50875185 | H92: SMAN 6 Surakarta : dalam konfirmasi jenjang yang free. data lengkap
A93: SMAN 11 Semarang | B93: 21/08/2026 | D93: v (9-23 September) | F93: 61050000 | H93: SMAN 1 Bobotsari : proses oleh bu seli. data lengkap
A94: SMAN 2 Ungaran | B94: 21/08/2026 | E94: belum konfirm | F94: 61050000 | H94: SMA Budi Utomo Surakarta: akun guru terlebih 12. perlu confirm
A95: SMAN 1 Klaten | B95: 21/08/2026 | C95: lengkap | F95: 27981435 | H95: SMAN 1 Mertoyudan : batch 2
A96: SMAN 2 Klaten | B96: 21/08/2026 | C96: lengkap | F96: 25437315 | H96: SMAN 2 Wonosobo : batch 2
A97: SMAN 3 Klaten | B97: 21/08/2026 | C97: lengkap | F97: 25437315 | H97: SMAN 1 Bandar :batch 2
A98: SMAN 1 Sragi | B98: 21/08/2026 | E98: 46286 | F98: 45787500 | H98: SMA Islam Sudirman Ambarawa : batch 2
A99: SMAN 3 Surakarta | B99: 21/08/2026 | C99: lengkap | F99: 30525000 | H99: SMAN 1 Blora : batch 2,
A100: SMAN 1 Purwokerto | B100: 21/08/2026 | C100: tanggal asesmen | E100: belum konfirm | F100: 55962315 | H100: SMAN 1 Gondang : batch 2,
...

Sheet Sekolah Aplikasi B+
A1: Link : | B1: https://data.kemendikdasmen.go.id/data-induk/satpen/daftar?kodeWilayah=030000&bentuk=dikmen
Q2: Daftar Nama Sekolah sudah Upload Aplikasi B+
A4: PROVINSI | B4: NPSN | C4: Nama | D4: Bentuk | E4: Jenis | F4: Status | G4: Jenjang | H4: Kabupaten | I4: Kecamatan | J4: Kelurahan | K4: Alamat | L4: Jalur | M4: Pembina | Q4: Nama Sekolah | R4: NPSN | S4: Jenjang | T4: Kota / Kab | U4: Provinsi | V4: Upload di Aplikasi | W4: Tgl Bayar | Y4: Akun B+
A5: JAWA TENGAH | B5: 20303241 | C5: SMK MUHAMMADIYAH BOBOTSARI | D5: SMK | E5: PENDIDIKAN KEJURUAN | F5: SWASTA | G5: PENDIDIKAN MENENGAH | H5: KAB. PURBALINGGA | I5: KEC. BOBOTSARI | J5: BOBOTSARI | K5: JL. RS.YOSOMIHARJO NO. 8 BOBOTSARI | L5: FORMAL | M5: KEMENTERIAN PENDIDIKAN DASAR DAN MENENGAH | Q5: SMA NEGERI 1 KAJEN | R5: 20323398 | S5: SMA | T5: KAB. PEKALONGAN | U5: JAWA TENGAH | V5: 23/09/2026 | W5: {=_xlfn.XLOOKUP(Q5,PEMBAYARAN!$G$6:$G3518,PEMBAYARAN!$R$6:$R3518,"Belum Bayar")} -> 46280.592
A6: JAWA TENGAH | B6: 20307632 | C6: SMAS MAARIF CANDIMULYO | D6: SMA | E6: PENDIDIKAN UMUM | F6: SWASTA | G6: PENDIDIKAN MENENGAH | H6: KAB. MAGELANG | I6: KEC. CANDIMULYO | J6: CANDIMULYO | K6: JL. BARISAN | L6: FORMAL | M6: KEMENTERIAN PENDIDIKAN DASAR DAN MENENGAH | Q6: SMA NEGERI 1 AMBARAWA | R6: 20320387 | S6: SMA | T6: KAB. SEMARANG | U6: JAWA TENGAH | V6: 23/09/2026 | W6: {=_xlfn.XLOOKUP(Q6,PEMBAYARAN!$G$6:$G3518,PEMBAYARAN!$R$6:$R3518,"Belum Bayar")} -> 46261.485
A7: JAWA TENGAH | B7: 20320249 | C7: SMK NEGERI 1 BAWEN | D7: SMK | E7: PENDIDIKAN KEJURUAN | F7: NEGERI | G7: PENDIDIKAN MENENGAH | H7: KAB. SEMARANG | I7: KEC. BAWEN | J7: BAWEN | K7: JL. KARTINI NO. 119 BAWEN | L7: FORMAL | M7: KEMENTERIAN PENDIDIKAN DASAR DAN MENENGAH | Q7: SMA NEGERI 1 SRAGI | R7: 20323502 | S7: SMA | T7: KAB. PEKALONGAN | U7: JAWA TENGAH | V7: 23/09/2026 | W7: {=_xlfn.XLOOKUP(Q7,PEMBAYARAN!$G$6:$G3518,PEMBAYARAN!$R$6:$R3518,"Belum Bayar")} -> Belum Bayar
A8: JAWA TENGAH | B8: 70033108 | C8: MA ZAMZAM AL HAZIM UNGARAN | D8: MA | E8: PENDIDIKAN UMUM | F8: SWASTA | G8: PENDIDIKAN MENENGAH | H8: KAB. SEMARANG | I8: KEC. UNGARAN TIMUR | J8: KALONGAN | K8: DUSUN BANDUNGAN RT 04 RW 03 | L8: FORMAL | M8: KEMENTERIAN AGAMA | Q8: SMA NEGERI 3 SURAKARTA | R8: 20327968 | S8: SMA | T8: KOTA SURAKARTA | U8: JAWA TENGAH | V8: 23/09/2026 | W8: {=_xlfn.XLOOKUP(Q8,PEMBAYARAN!$G$6:$G3518,PEMBAYARAN!$R$6:$R3518,"Belum Bayar")} -> Belum Bayar
A9: JAWA TENGAH | B9: 69769424 | C9: SMK ISLAM AL MADINA PAGUYANGAN | D9: SMK | E9: PENDIDIKAN KEJURUAN | F9: SWASTA | G9: PENDIDIKAN MENENGAH | H9: KAB. BREBES | I9: KEC. PAGUYANGAN | J9: PAGOJENGAN | K9: JL. LINGKAR BUMIAYU PAGOJENGAN | L9: FORMAL | M9: KEMENTERIAN PENDIDIKAN DASAR DAN MENENGAH | Q9: SMA NEGERI 1 PURWOKERTO | R9: 20302182 | S9: SMA | T9: KAB. BANYUMAS | U9: JAWA TENGAH | V9: 23/09/2026 | W9: {=_xlfn.XLOOKUP(Q9,PEMBAYARAN!$G$6:$G3518,PEMBAYARAN!$R$6:$R3518,"Belum Bayar")} -> 46269.591
A10: JAWA TENGAH | B10: 20331704 | C10: SMAS MA ARIF WADASLINTANG | D10: SMA | E10: PENDIDIKAN UMUM | F10: SWASTA | G10: PENDIDIKAN MENENGAH | H10: KAB. WONOSOBO | I10: KEC. WADASLINTANG | J10: WADASLINTANG | K10: JL. WADASLINTANG - PREMBUN KM. 01 | L10: FORMAL | M10: KEMENTERIAN PENDIDIKAN DASAR DAN MENENGAH | Q10: SMA NEGERI 2 PURBALINGGA | R10: 20303246 | S10: SMA | T10: KAB. PURBALINGGA | U10: JAWA TENGAH | V10: 23/09/2026 | W10: {=_xlfn.XLOOKUP(Q10,PEMBAYARAN!$G$6:$G3518,PEMBAYARAN!$R$6:$R3518,"Belum Bayar")} -> 46268.606
A11: JAWA TENGAH | B11: 20364902 | C11: SMK AL-IKHLAS PENDE BANJARHARJO | D11: SMK | E11: PENDIDIKAN KEJURUAN | F11: SWASTA | G11: PENDIDIKAN MENENGAH | H11: KAB. BREBES | I11: KEC. BANJARHARJO | J11: PENDE | K11: JL. RAYA CIKAKAK BANJARHARJO | L11: FORMAL | M11: KEMENTERIAN PENDIDIKAN DASAR DAN MENENGAH | Q11: SMA NEGERI 2 UNGARAN | R11: 20320241 | S11: SMA | T11: KAB. SEMARANG | U11: JAWA TENGAH | V11: 23/09/2026 | W11: {=_xlfn.XLOOKUP(Q11,PEMBAYARAN!$G$6:$G3518,PEMBAYARAN!$R$6:$R3518,"Belum Bayar")} -> 46274.472
A12: JAWA TENGAH | B12: 20312199 | C12: SLB - CG BINA SEJAHTERA | D12: SLB | E12: PENDIDIKAN KHUSUS | F12: SWASTA | G12: PENDIDIKAN MENENGAH | H12: KAB. KARANGANYAR | I12: KEC. GONDANGREJO | J12: SELOKATON | K12: DK. PANCURAN | L12: FORMAL | M12: KEMENTERIAN PENDIDIKAN DASAR DAN MENENGAH | Q12: SMA NEGERI 10 SEMARANG | R12: 20328878 | S12: SMA | T12: KOTA SEMARANG | U12: JAWA TENGAH | V12: 23/09/2026 | W12: {=_xlfn.XLOOKUP(Q12,PEMBAYARAN!$G$6:$G3518,PEMBAYARAN!$R$6:$R3518,"Belum Bayar")} -> 46274.472
A13: JAWA TENGAH | B13: 20362980 | C13: MAS NURUL ULUM | D13: MA | E13: PENDIDIKAN UMUM | F13: SWASTA | G13: PENDIDIKAN MENENGAH | H13: KAB. JEPARA | I13: KEC. WELAHAN | J13: WELAHAN | K13: JL. RAYA WELAHAN GOTRI KM. 1, WELAHAN, JEPARA | L13: FORMAL | M13: KEMENTERIAN AGAMA | Q13: SMA NEGERI 11 SEMARANG | R13: 20328879 | S13: SMA | T13: KOTA SEMARANG | U13: JAWA TENGAH | V13: 23/09/2026 | W13: {=_xlfn.XLOOKUP(Q13,PEMBAYARAN!$G$6:$G3518,PEMBAYARAN!$R$6:$R3518,"Belum Bayar")} -> 46282.499
A14: JAWA TENGAH | B14: 20315103 | C14: SLB NEGERI JEPON | D14: SLB | E14: PENDIDIKAN KHUSUS | F14: NEGERI | G14: PENDIDIKAN MENENGAH | H14: KAB. BLORA | I14: KEC. JEPON | J14: JEPON | K14: JALAN RAYA BLORA-CEPU KM. 7 JEPON | L14: FORMAL | M14: KEMENTERIAN PENDIDIKAN DASAR DAN MENENGAH | Q14: SMA NEGERI 1 KLATEN | R14: 20309676 | S14: SMA | T14: KAB. KLATEN | U14: JAWA TENGAH | V14: 23/09/2026 | W14: {=_xlfn.XLOOKUP(Q14,PEMBAYARAN!$G$6:$G3518,PEMBAYARAN!$R$6:$R3518,"Belum Bayar")} -> 46290.594
A15: JAWA TENGAH | B15: 20360580 | C15: SMK MUHAMMADIYAH PENCONGAN | D15: SMK | E15: PENDIDIKAN KEJURUAN | F15: SWASTA | G15: PENDIDIKAN MENENGAH | H15: KAB. PEKALONGAN | I15: KEC. WIRADESA | J15: BENER | K15: JL. A. YANI NO. 277 B WIRADESA | L15: FORMAL | M15: KEMENTERIAN PENDIDIKAN DASAR DAN MENENGAH | Q15: SMA NEGERI 2 KLATEN | R15: 20309689 | S15: SMA | T15: KAB. KLATEN | U15: JAWA TENGAH | V15: 23/09/2026 | W15: {=_xlfn.XLOOKUP(Q15,PEMBAYARAN!$G$6:$G3518,PEMBAYARAN!$R$6:$R3518,"Belum Bayar")}
A16: JAWA TENGAH | B16: 72367249 | C16: SMA MEGA ISLAMIC BOARDING SCHOOL | D16: SMA | E16: PENDIDIKAN UMUM | F16: SWASTA | G16: PENDIDIKAN MENENGAH | H16: KOTA SEMARANG | I16: KEC. GUNUNG PATI | J16: MANGUNSARI | K16: JL. MR. WURYANTO NO. 88 PAGER SALAM | L16: FORMAL | M16: KEMENTERIAN PENDIDIKAN DASAR DAN MENENGAH | Q16: SMA NEGERI 3 KLATEN | R16: 20309690 | S16: SMA | T16: KAB. KLATEN | U16: JAWA TENGAH | V16: 23/09/2026 | W16: {=_xlfn.XLOOKUP(Q16,PEMBAYARAN!$G$6:$G3518,PEMBAYARAN!$R$6:$R3518,"Belum Bayar")} -> 46265.489
A17: JAWA TENGAH | B17: 20362832 | C17: MA AT-TAQWA NUSAWUNGU | D17: MA | E17: PENDIDIKAN UMUM | F17: SWASTA | G17: PENDIDIKAN MENENGAH | H17: KAB. CILACAP | I17: KEC. NUSAWUNGU | J17: DANASRI LOR | K17: JL. PRAMUKA NO. 460 | L17: FORMAL | M17: KEMENTERIAN AGAMA | Q17: SMA NEGERI 1 REMBANG | R17: 20303248 | S17: SMA | T17: KAB. PURBALINGGA | U17: JAWA TENGAH | V17: 23/09/2026 | W17: {=_xlfn.XLOOKUP(Q17,PEMBAYARAN!$G$6:$G3518,PEMBAYARAN!$R$6:$R3518,"Belum Bayar")} -> 46267.483
A18: JAWA TENGAH | B18: 20321831 | C18: SMA NEGERI 1 GEMUH | D18: SMA | E18: PENDIDIKAN UMUM | F18: NEGERI | G18: PENDIDIKAN MENENGAH | H18: KAB. KENDAL | I18: KEC. GEMUH | J18: PAMRIYAN | K18: JL. NAPAK TILAS PAMRIYAN GEMUH | L18: FORMAL | M18: KEMENTERIAN PENDIDIKAN DASAR DAN MENENGAH | Q18: SMA NEGERI 1 KEMANGKON | R18: 20303238 | S18: SMA | T18: KAB. PURBALINGGA | U18: JAWA TENGAH | V18: 23/09/2026 | W18: {=_xlfn.XLOOKUP(Q18,PEMBAYARAN!$G$6:$G3518,PEMBAYARAN!$R$6:$R3518,"Belum Bayar")} -> Belum Bayar
A19: JAWA TENGAH | B19: 20311327 | C19: SMK MUHAMMADIYAH 2 WURYANTORO | D19: SMK | E19: PENDIDIKAN KEJURUAN | F19: SWASTA | G19: PENDIDIKAN MENENGAH | H19: KAB. WONOGIRI | I19: KEC. WURYANTORO | J19: WURYANTORO | K19: JL. MELATI 5 | L19: FORMAL | M19: KEMENTERIAN PENDIDIKAN DASAR DAN MENENGAH | Q19: SMA NEGERI 1 KUTASARI | R19: 20303239 | S19: SMA | T19: KAB. PURBALINGGA | U19: JAWA TENGAH | V19: 23/09/2026 | W19: {=_xlfn.XLOOKUP(Q19,PEMBAYARAN!$G$6:$G3518,PEMBAYARAN!$R$6:$R3518,"Belum Bayar")} -> 46262.619
A20: JAWA TENGAH | B20: 20330038 | C20: SMK MUHAMMADIYAH RANDUBLATUNG | D20: SMK | E20: PENDIDIKAN KEJURUAN | F20: SWASTA | G20: PENDIDIKAN MENENGAH | H20: KAB. BLORA | I20: KEC. RANDUBLATUNG | J20: PILANG | K20: JLN. DIPONEGORO NO.13 RANDUBLATUNG | L20: FORMAL | M20: KEMENTERIAN PENDIDIKAN DASAR DAN MENENGAH | Q20: SMA NEGERI 1 BOBOTSARI | R20: 20303231 | S20: SMA | T20: KAB. PURBALINGGA | U20: JAWA TENGAH | V20: 23/09/2026 | W20: {=_xlfn.XLOOKUP(Q20,PEMBAYARAN!$G$6:$G3518,PEMBAYARAN!$R$6:$R3518,"Belum Bayar")} -> 46280.592
A21: JAWA TENGAH | B21: 69888671 | C21: SMK MIFTAHUL HUDA | D21: SMK | E21: PENDIDIKAN KEJURUAN | F21: SWASTA | G21: PENDIDIKAN MENENGAH | H21: KAB. DEMAK | I21: KEC. MIJEN | J21: JLEPER | K21: JALAN RAYA MIJEN JLEPER KM 3 MIJEN DEMAK | L21: FORMAL | M21: KEMENTERIAN PENDIDIKAN DASAR DAN MENENGAH | Q21: SMA NEGERI 1 KARANGREJA | R21: 20303229 | S21: SMA | T21: KAB. PURBALINGGA | U21: JAWA TENGAH | V21: 23/09/2026 | W21: {=_xlfn.XLOOKUP(Q21,PEMBAYARAN!$G$6:$G3518,PEMBAYARAN!$R$6:$R3518,"Belum Bayar")} -> 46280.476
A22: JAWA TENGAH | B22: 79305373 | C22: SMA AL ABIDIN BILINGUAL BOARDING SCHOOL (ABBS) KARANGANYAR | D22: SMA | E22: PENDIDIKAN UMUM | F22: SWASTA | G22: PENDIDIKAN MENENGAH | H22: KAB. KARANGANYAR | I22: KEC. KARANGANYAR | J22: LALUNG | K22: JL. SADEWA - MANGGEH ANYAR | L22: FORMAL | M22: KEMENTERIAN PENDIDIKAN DASAR DAN MENENGAH | Q22: SMA NEGERI 4 SURAKARTA | R22: 20327969 | S22: SMA | T22: KOTA SURAKARTA | U22: JAWA TENGAH | V22: 23/09/2026 | W22: {=_xlfn.XLOOKUP(Q22,PEMBAYARAN!$G$6:$G3518,PEMBAYARAN!$R$6:$R3518,"Belum Bayar")} -> Belum Bayar | Y22: TRUE
A23: JAWA TENGAH | B23: 20362310 | C23: SMK KRIDA DOPLANG | D23: SMK | E23: PENDIDIKAN KEJURUAN | F23: SWASTA | G23: PENDIDIKAN MENENGAH | H23: KAB. BLORA | I23: KEC. JATI | J23: DOPLANG | K23: JLN.SUMUR UMUM DUKUHAN- DOPLANG | L23: FORMAL | M23: KEMENTERIAN PENDIDIKAN DASAR DAN MENENGAH | Q23: SMA NEGERI 5 SURAKARTA | R23: 20327970 | S23: SMA | T23: KOTA SURAKARTA | U23: JAWA TENGAH | V23: 23/09/2026 | W23: {=_xlfn.XLOOKUP(Q23,PEMBAYARAN!$G$6:$G3518,PEMBAYARAN!$R$6:$R3518,"Belum Bayar")} -> Belum Bayar | Y23: FALSE
A24: JAWA TENGAH | B24: 20340717 | C24: SMK BHAKTI KARYA SIMO | D24: SMK | E24: PENDIDIKAN KEJURUAN | F24: SWASTA | G24: PENDIDIKAN MENENGAH | H24: KAB. BOYOLALI | I24: KEC. SIMO | J24: PELEM | K24: JALAN SINGOPRONO RAYA | L24: FORMAL | M24: KEMENTERIAN PENDIDIKAN DASAR DAN MENENGAH | Q24: SMA NEGERI 6 SURAKARTA | R24: 20327971 | S24: SMA | T24: KOTA SURAKARTA | U24: JAWA TENGAH | V24: 23/09/2026 | W24: {=_xlfn.XLOOKUP(Q24,PEMBAYARAN!$G$6:$G3518,PEMBAYARAN!$R$6:$R3518,"Belum Bayar")} -> Belum Bayar | Y24: TRUE
A25: JAWA TENGAH | B25: 20362281 | C25: SMK ROBBANI KARANGTENGAH | D25: SMK | E25: PENDIDIKAN KEJURUAN | F25: SWASTA | G25: PENDIDIKAN MENENGAH | H25: KAB. DEMAK | I25: KEC. KARANG TENGAH | J25: DUKUN | K25: JL. DESA DUKUN RT 04/ RW 03, KARANGTENGAH | L25: FORMAL | M25: KEMENTERIAN PENDIDIKAN DASAR DAN MENENGAH | Q25: SMA NEGERI 8 SURAKARTA | R25: 20327973 | S25: SMA | T25: KOTA SURAKARTA | U25: JAWA TENGAH | V25: 23/09/2026 | W25: {=_xlfn.XLOOKUP(Q25,PEMBAYARAN!$G$6:$G3518,PEMBAYARAN!$R$6:$R3518,"Belum Bayar")} -> Belum Bayar | Y25: TRUE
A26: JAWA TENGAH | B26: 20330452 | C26: SMK MARDIKENYA PURWOKERTO | D26: SMK | E26: PENDIDIKAN KEJURUAN | F26: SWASTA | G26: PENDIDIKAN MENENGAH | H26: KAB. BANYUMAS | I26: KEC. PURWOKERTO TIMUR | J26: KRANJI | K26: JL. MARDIKENYA 4-6 PURWOKERTO | L26: FORMAL | M26: KEMENTERIAN PENDIDIKAN DASAR DAN MENENGAH | Q26: SMA NEGERI 7 SURAKARTA | R26: 20327972 | S26: SMA | T26: KOTA SURAKARTA | U26: JAWA TENGAH | V26: 23/09/2026 | W26: {=_xlfn.XLOOKUP(Q26,PEMBAYARAN!$G$6:$G3518,PEMBAYARAN!$R$6:$R3518,"Belum Bayar")} -> Belum Bayar
A27: JAWA TENGAH | B27: 70049208 | C27: SMK AS - SYARIF | D27: SMK | E27: PENDIDIKAN KEJURUAN | F27: SWASTA | G27: PENDIDIKAN MENENGAH | H27: KAB. GROBOGAN | I27: KEC. TOROH | J27: SUGIHAN | K27: DESA SUGIHAN, KECAMATAN TOROH, KABUPATEN GROBOGAN | L27: FORMAL | M27: KEMENTERIAN PENDIDIKAN DASAR DAN MENENGAH | Q27: SMA NEGERI 1 SURAKARTA | R27: 20327966 | S27: SMA | T27: KOTA SURAKARTA | U27: JAWA TENGAH | V27: 23/09/2026 | W27: {=_xlfn.XLOOKUP(Q27,PEMBAYARAN!$G$6:$G3518,PEMBAYARAN!$R$6:$R3518,"Belum Bayar")} -> Belum Bayar
A28: JAWA TENGAH | B28: 20325275 | C28: SMK NU 1 ADIWERNA | D28: SMK | E28: PENDIDIKAN KEJURUAN | F28: SWASTA | G28: PENDIDIKAN MENENGAH | H28: KAB. TEGAL | I28: KEC. ADIWERNA | J28: TEMBOK BANJARAN | K28: JL. RAYA BANJARAN SELATAN NO. 47 RT 20 RW 04 TEMBOK BANJARAN ADIWERNA KAB. TEGAL | L28: FORMAL | M28: KEMENTERIAN PENDIDIKAN DASAR DAN MENENGAH | Q28: SMA NEGERI 1 BOJONG | R28: 20338918 | S28: SMA | T28: KAB. PEKALONGAN | U28: JAWA TENGAH | V28: 23/09/2026 | W28: {=_xlfn.XLOOKUP(Q28,PEMBAYARAN!$G$6:$G3518,PEMBAYARAN!$R$6:$R3518,"Belum Bayar")} -> Belum Bayar
A29: JAWA TENGAH | B29: 20321837 | C29: SMA NEGERI 1 ROWOSARI | D29: SMA | E29: PENDIDIKAN UMUM | F29: NEGERI | G29: PENDIDIKAN MENENGAH | H29: KAB. KENDAL | I29: KEC. ROWOSARI | J29: TAMBAKSARI | K29: JL. BAHARI KM.5 ROWOSARI | L29: FORMAL | M29: KEMENTERIAN PENDIDIKAN DASAR DAN MENENGAH | Q29: SMA NEGERI 1 MAOS | R29: 20300731 | S29: SMA | T29: KAB. CILACAP | U29: JAWA TENGAH | V29: 23/09/2026 | W29: {=_xlfn.XLOOKUP(Q29,PEMBAYARAN!$G$6:$G3518,PEMBAYARAN!$R$6:$R3518,"Belum Bayar")} -> 46290.525
A30: JAWA TENGAH | B30: 69955740 | C30: MA MA`ARIF NU PAGUYANGAN | D30: MA | E30: PENDIDIKAN UMUM | F30: SWASTA | G30: PENDIDIKAN MENENGAH | H30: KAB. BREBES | I30: KEC. PAGUYANGAN | J30: PAGUYANGAN | K30: JALAN KEDUNGBANTENG-KEDUNGOLENG PAGUYANGAN | L30: FORMAL | M30: KEMENTERIAN AGAMA | Q30: SMA NEGERI 1 TUNTANG | R30: 20320243 | S30: SMA | T30: KAB. SEMARANG | U30: JAWA TENGAH | V30: 23/09/2026 | W30: {=_xlfn.XLOOKUP(Q30,PEMBAYARAN!$G$6:$G3518,PEMBAYARAN!$R$6:$R3518,"Belum Bayar")} -> 46273.47
A31: JAWA TENGAH | B31: 20362057 | C31: SMK BAGIMU NEGERIKU | D31: SMK | E31: PENDIDIKAN KEJURUAN | F31: SWASTA | G31: PENDIDIKAN MENENGAH | H31: KOTA SEMARANG | I31: KEC. NGALIYAN | J31: PODOREJO | K31: JL. PALIR RAYA NO. 66 - 68 | L31: FORMAL | M31: KEMENTERIAN PENDIDIKAN DASAR DAN MENENGAH | Q31: SMA NEGERI 10 PURWOREJO | R31: 20306190 | S31: SMA | T31: KAB. PURWOREJO | U31: JAWA TENGAH | V31: 23/09/2026 | W31: {=_xlfn.XLOOKUP(Q31,PEMBAYARAN!$G$6:$G3518,PEMBAYARAN!$R$6:$R3518,"Belum Bayar")} -> 46269.591
A32: JAWA TENGAH | B32: 20306867 | C32: SMA NEGERI 1 KERTEK | D32: SMA | E32: PENDIDIKAN UMUM | F32: NEGERI | G32: PENDIDIKAN MENENGAH | H32: KAB. WONOSOBO | I32: KEC. KERTEK | J32: BOJASARI | K32: JL. GATOT SUBROTO KM. 06 WONOSOBO 56371 | L32: FORMAL | M32: KEMENTERIAN PENDIDIKAN DASAR DAN MENENGAH | Q32: SMA NEGERI 1 PURWOREJO | R32: 20306202 | S32: SMA | T32: KAB. PURWOREJO | U32: JAWA TENGAH | V32: 23/09/2026 | W32: {=_xlfn.XLOOKUP(Q32,PEMBAYARAN!$G$6:$G3518,PEMBAYARAN!$R$6:$R3518,"Belum Bayar")} -> 46262.619
A33: JAWA TENGAH | B33: 69829549 | C33: SMA SYUBBANUL WATHON | D33: SMA | E33: PENDIDIKAN UMUM | F33: SWASTA | G33: PENDIDIKAN MENENGAH | H33: KAB. MAGELANG | I33: KEC. TEGALREJO | J33: DLIMAS | K33: JL. PIRIKAN GRABAG KM 2, GIRIKULON, KEC. SECANG, KAB. MAGELANG | L33: FORMAL | M33: KEMENTERIAN PENDIDIKAN DASAR DAN MENENGAH | Q33: SMA NEGERI 7 SEMARANG | R33: 20328891 | S33: SMA | T33: KOTA SEMARANG | U33: JAWA TENGAH | V33: 23/09/2026 | W33: {=_xlfn.XLOOKUP(Q33,PEMBAYARAN!$G$6:$G3518,PEMBAYARAN!$R$6:$R3518,"Belum Bayar")} -> Belum Bayar
A34: JAWA TENGAH | B34: 20363209 | C34: MAN 2 SEMARANG | D34: MA | E34: PENDIDIKAN UMUM | F34: NEGERI | G34: PENDIDIKAN MENENGAH | H34: KAB. SEMARANG | I34: KEC. TENGARAN | J34: TENGARAN | K34: JL. KELURAHAN DESA TENGARAN KEC. TENGARAN | L34: FORMAL | M34: KEMENTERIAN AGAMA | Q34: SMA NEGERI 1 MIRIT | R34: 20330283 | S34: SMA | T34: KAB. KEBUMEN | U34: JAWA TENGAH | V34: 23/09/2026 | W34: {=_xlfn.XLOOKUP(Q34,PEMBAYARAN!$G$6:$G3518,PEMBAYARAN!$R$6:$R3518,"Belum Bayar")} -> Belum Bayar
A35: JAWA TENGAH | B35: 69728555 | C35: SMK MULYA HUSADA PURWOKERTO | D35: SMK | E35: PENDIDIKAN KEJURUAN | F35: SWASTA | G35: PENDIDIKAN MENENGAH | H35: KAB. BANYUMAS | I35: KEC. SUMBANG | J35: KARANGCEGAK | K35: JL. BATURRADEN TIMUR NO.57 KARANGCEGAK SUMBANG 53183 | L35: FORMAL | M35: KEMENTERIAN PENDIDIKAN DASAR DAN MENENGAH | Q35: SMA NEGERI 1 KUTOWINANGUN | R35: 20305013 | S35: SMA | T35: KAB. KEBUMEN | U35: JAWA TENGAH | V35: 23/09/2026 | W35: {=_xlfn.XLOOKUP(Q35,PEMBAYARAN!$G$6:$G3518,PEMBAYARAN!$R$6:$R3518,"Belum Bayar")} -> Belum Bayar
A36: JAWA TENGAH | B36: 20303949 | C36: SMK COKROAMINOTO 2 BANJARNEGARA | D36: SMK | E36: PENDIDIKAN KEJURUAN | F36: SWASTA | G36: PENDIDIKAN MENENGAH | H36: KAB. BANJARNEGARA | I36: KEC. BANJARNEGARA | J36: WANGON | K36: JL. LET. JEND. SOEPRAPTO 221 | L36: FORMAL | M36: KEMENTERIAN PENDIDIKAN DASAR DAN MENENGAH | Q36: SMA NEGERI 1 WELERI | R36: 20321834 | S36: SMA | T36: KAB. KENDAL | U36: JAWA TENGAH | V36: 23/09/2026 | W36: {=_xlfn.XLOOKUP(Q36,PEMBAYARAN!$G$6:$G3518,PEMBAYARAN!$R$6:$R3518,"Belum Bayar")} -> 46255.456
A37: JAWA TENGAH | B37: 69874020 | C37: SMK TERPADU AL MINHAJ BANDAR | D37: SMK | E37: PENDIDIKAN KEJURUAN | F37: SWASTA | G37: PENDIDIKAN MENENGAH | H37: KAB. BATANG | I37: KEC. BANDAR | J37: WONOSEGORO | K37: JL. BANDAR - TULIS KM 5, WONOSEGORO 51254 | L37: FORMAL | M37: KEMENTERIAN PENDIDIKAN DASAR DAN MENENGAH | Q37: SMA NEGERI 1 BATANG | R37: 20322744 | S37: SMA | T37: KAB. BATANG | U37: JAWA TENGAH | V37: 23/09/2026 | W37: {=_xlfn.XLOOKUP(Q37,PEMBAYARAN!$G$6:$G3518,PEMBAYARAN!$R$6:$R3518,"Belum Bayar")} -> 46279.475
A38: JAWA TENGAH | B38: 20339002 | C38: SMA BOPKRI 3 PATI | D38: SMA | E38: PENDIDIKAN UMUM | F38: SWASTA | G38: PENDIDIKAN MENENGAH | H38: KAB. PATI | I38: KEC. DUKUHSETI | J38: TEGALOMBO | K38: JL. TAYU - PUNCEL KM. 15 | L38: FORMAL | M38: KEMENTERIAN PENDIDIKAN DASAR DAN MENENGAH | Q38: SMA NEGERI 2 BATANG | R38: 20322740 | S38: SMA | T38: KAB. BATANG | U38: JAWA TENGAH | V38: 23/09/2026 | W38: {=_xlfn.XLOOKUP(Q38,PEMBAYARAN!$G$6:$G3518,PEMBAYARAN!$R$6:$R3518,"Belum Bayar")} -> 46283.583
A39: JAWA TENGAH | B39: 20341018 | C39: SMK PELITA HARAPAN | D39: SMK | E39: PENDIDIKAN KEJURUAN | F39: SWASTA | G39: PENDIDIKAN MENENGAH | H39: KAB. KENDAL | I39: KEC. KANGKUNG | J39: KARANGMALANG WETAN | K39: KOMPLEK PON-PES SALAFIYAH KARANGMALANG KANGKUNG KENDAL | L39: FORMAL | M39: KEMENTERIAN PENDIDIKAN DASAR DAN MENENGAH | Q39: SMA NEGERI 1 KEBUMEN | R39: 20305010 | S39: SMA | T39: KAB. KEBUMEN | U39: JAWA TENGAH | V39: 23/09/2026 | W39: {=_xlfn.XLOOKUP(Q39,PEMBAYARAN!$G$6:$G3518,PEMBAYARAN!$R$6:$R3518,"Belum Bayar")} -> 46290.594
A40: JAWA TENGAH | B40: 69880579 | C40: SMK ISLAM SALAKBROJO | D40: SMK | E40: PENDIDIKAN KEJURUAN | F40: SWASTA | G40: PENDIDIKAN MENENGAH | H40: KAB. PEKALONGAN | I40: KEC. KEDUNGWUNI | J40: SALAKBROJO | K40: JL. RAYA MIYANGGONG RT. 01 RW. 02 | L40: FORMAL | M40: KEMENTERIAN PENDIDIKAN DASAR DAN MENENGAH | Q40: SMA NEGERI 1 BAWANG | R40: 20303985 | S40: SMA | T40: KAB. BANJARNEGARA | U40: JAWA TENGAH | V40: 23/09/2026 | W40: {=_xlfn.XLOOKUP(Q40,PEMBAYARAN!$G$6:$G3518,PEMBAYARAN!$R$6:$R3518,"Belum Bayar")} -> 46252.578
A41: JAWA TENGAH | B41: 20364930 | C41: MA NU 01 BANYUPUTIH | D41: MA | E41: PENDIDIKAN UMUM | F41: SWASTA | G41: PENDIDIKAN MENENGAH | H41: KAB. BATANG | I41: KEC. BANYUPUTIH | J41: BANYUPUTIH | K41: JL. LAPANGAN 9A | L41: FORMAL | M41: KEMENTERIAN AGAMA | Q41: SMA NEGERI 1 SUKOHARJO | R41: 20310417 | S41: SMA | T41: KAB. SUKOHARJO | U41: JAWA TENGAH | V41: 23/09/2026 | W41: {=_xlfn.XLOOKUP(Q41,PEMBAYARAN!$G$6:$G3518,PEMBAYARAN!$R$6:$R3518,"Belum Bayar")} -> Belum Bayar
A42: JAWA TENGAH | B42: 70010776 | C42: SMA ISLAM TERPADU HARAPAN BUNDA | D42: SMA | E42: PENDIDIKAN UMUM | F42: SWASTA | G42: PENDIDIKAN MENENGAH | H42: KOTA SEMARANG | I42: KEC. PEDURUNGAN | J42: PEDURUNGAN LOR | K42: JL. ISBARYADI | L42: FORMAL | M42: KEMENTERIAN PENDIDIKAN DASAR DAN MENENGAH | Q42: SMA NEGERI 3 SUKOHARJO | R42: 20310421 | S42: SMA | T42: KAB. SUKOHARJO | U42: JAWA TENGAH | V42: 23/09/2026 | W42: {=_xlfn.XLOOKUP(Q42,PEMBAYARAN!$G$6:$G3518,PEMBAYARAN!$R$6:$R3518,"Belum Bayar")} -> 46275.458
A43: JAWA TENGAH | B43: 20362987 | C43: MAN 4 KEBUMEN | D43: MA | E43: PENDIDIKAN UMUM | F43: NEGERI | G43: PENDIDIKAN MENENGAH | H43: KAB. KEBUMEN | I43: KEC. GOMBONG | J43: SEMONDO | K43: JL. KARANGBOLONG KM.01 PO BOX 135 | L43: FORMAL | M43: KEMENTERIAN AGAMA | Q43: SMA NEGERI 1 NGUTER | R43: 20310415 | S43: SMA | T43: KAB. SUKOHARJO | U43: JAWA TENGAH | V43: 23/09/2026 | W43: {=_xlfn.XLOOKUP(Q43,PEMBAYARAN!$G$6:$G3518,PEMBAYARAN!$R$6:$R3518,"Belum Bayar")} -> 46269.46
A44: JAWA TENGAH | B44: 69964150 | C44: SMK ISLAM AL BISYRI | D44: SMK | E44: PENDIDIKAN KEJURUAN | F44: SWASTA | G44: PENDIDIKAN MENENGAH | H44: KOTA SEMARANG | I44: KEC. BANYUMANIK | J44: TINJOMOYO | K44: JL. SENDANG PENTUL NO. 9 RT. 06 RW. II | L44: FORMAL | M44: KEMENTERIAN PENDIDIKAN DASAR DAN MENENGAH | Q44: SMA NEGERI 1 TAWANGSARI | R44: 20310418 | S44: SMA | T44: KAB. SUKOHARJO | U44: JAWA TENGAH | V44: 23/09/2026 | W44: {=_xlfn.XLOOKUP(Q44,PEMBAYARAN!$G$6:$G3518,PEMBAYARAN!$R$6:$R3518,"Belum Bayar")} -> Belum Bayar
A45: JAWA TENGAH | B45: 20363243 | C45: MA MU`ALLIMIN KANDANGAN | D45: MA | E45: PENDIDIKAN UMUM | F45: SWASTA | G45: PENDIDIKAN MENENGAH | H45: KAB. TEMANGGUNG | I45: KEC. KANDANGAN | J45: NGEMPLAK | K45: JL. BIARA TROPIS | L45: FORMAL | M45: KEMENTERIAN AGAMA | Q45: SMA NEGERI 2 SUKOHARJO | R45: 20310420 | S45: SMA | T45: KAB. SUKOHARJO | U45: JAWA TENGAH | V45: 23/09/2026 | W45: {=_xlfn.XLOOKUP(Q45,PEMBAYARAN!$G$6:$G3518,PEMBAYARAN!$R$6:$R3518,"Belum Bayar")} -> Belum Bayar
A46: JAWA TENGAH | B46: 20331939 | C46: SMK TEXMACO | D46: SMK | E46: PENDIDIKAN KEJURUAN | F46: SWASTA | G46: PENDIDIKAN MENENGAH | H46: KOTA SEMARANG | I46: KEC. TUGU | J46: MANGKANG KULON | K46: JL. RAYA MANGKANG KM. 16 | L46: FORMAL | M46: KEMENTERIAN PENDIDIKAN DASAR DAN MENENGAH | Q46: SMA NEGERI 1 CILACAP | R46: 20300617 | S46: SMA | T46: KAB. CILACAP | U46: JAWA TENGAH | V46: 23/09/2026 | W46: {=_xlfn.XLOOKUP(Q46,PEMBAYARAN!$G$6:$G3518,PEMBAYARAN!$R$6:$R3518,"Belum Bayar")} -> Belum Bayar
A47: JAWA TENGAH | B47: 20363259 | C47: MA MUHAMMADIYAH KEPIL | D47: MA | E47: PENDIDIKAN UMUM | F47: SWASTA | G47: PENDIDIKAN MENENGAH | H47: KAB. WONOSOBO | I47: KEC. KEPIL | J47: KEPIL | K47: JL. PURWOREJO KM 26 | L47: FORMAL | M47: KEMENTERIAN AGAMA | Q47: SMA NEGERI 1 BANTARSARI | R47: 20339053 | S47: SMA | T47: KAB. CILACAP | U47: JAWA TENGAH | V47: 23/09/2026 | W47: {=_xlfn.XLOOKUP(Q47,PEMBAYARAN!$G$6:$G3518,PEMBAYARAN!$R$6:$R3518,"Belum Bayar")} -> Belum Bayar
A48: JAWA TENGAH | B48: 20360451 | C48: SMA KRISTEN SHEKINAH TEMANGGUNG | D48: SMA | E48: PENDIDIKAN UMUM | F48: SWASTA | G48: PENDIDIKAN MENENGAH | H48: KAB. TEMANGGUNG | I48: KEC. TEMANGGUNG | J48: JAMPIROSO | K48: JL. SOEPENO NO. 11 JAMPIROSO TEMANGGUNG | L48: FORMAL | M48: KEMENTERIAN PENDIDIKAN DASAR DAN MENENGAH | Q48: SMA NEGERI 1 SIDAREJA | R48: 20300729 | S48: SMA | T48: KAB. CILACAP | U48: JAWA TENGAH | V48: 23/09/2026 | W48: {=_xlfn.XLOOKUP(Q48,PEMBAYARAN!$G$6:$G3518,PEMBAYARAN!$R$6:$R3518,"Belum Bayar")} -> 46274.472
A49: JAWA TENGAH | B49: 20362860 | C49: MA YASUA | D49: MA | E49: PENDIDIKAN UMUM | F49: SWASTA | G49: PENDIDIKAN MENENGAH | H49: KAB. DEMAK | I49: KEC. KEBONAGUNG | J49: PILANGWETAN | K49: JL RAYA PURWODADI-SEMARANG KM 32 | L49: FORMAL | M49: KEMENTERIAN AGAMA | Q49: SMA NEGERI 1 SAMPANG | R49: 20300730 | S49: SMA | T49: KAB. CILACAP | U49: JAWA TENGAH | V49: 23/09/2026 | W49: {=_xlfn.XLOOKUP(Q49,PEMBAYARAN!$G$6:$G3518,PEMBAYARAN!$R$6:$R3518,"Belum Bayar")} -> 46255.619
A50: JAWA TENGAH | B50: 70026430 | C50: MA DARUSSALAM CILONGOK | D50: MA | E50: PENDIDIKAN UMUM | F50: SWASTA | G50: PENDIDIKAN MENENGAH | H50: KAB. BANYUMAS | I50: KEC. CILONGOK | J50: PANUSUPAN | K50: KANDANGAUR RT 04 RW 02 | L50: FORMAL | M50: KEMENTERIAN AGAMA | Q50: SMA NEGERI 1 KROYA | R50: 20300719 | S50: SMA | T50: KAB. CILACAP | U50: JAWA TENGAH | V50: 23/09/2026 | W50: {=_xlfn.XLOOKUP(Q50,PEMBAYARAN!$G$6:$G3518,PEMBAYARAN!$R$6:$R3518,"Belum Bayar")} -> 46248.46
A51: JAWA TENGAH | B51: 69893990 | C51: SMK TARUNA KRADENAN | D51: SMK | E51: PENDIDIKAN KEJURUAN | F51: SWASTA | G51: PENDIDIKAN MENENGAH | H51: KAB. GROBOGAN | I51: KEC. KRADENAN | J51: GRABAGAN | K51: JL. HONGGOKUSUMAN NO. 1 GG. SISWA KUWU | L51: FORMAL | M51: KEMENTERIAN PENDIDIKAN DASAR DAN MENENGAH | Q51: SMA NEGERI 1 MAJENANG | R51: 20300732 | S51: SMA | T51: KAB. CILACAP | U51: JAWA TENGAH | V51: 23/09/2026 | W51: {=_xlfn.XLOOKUP(Q51,PEMBAYARAN!$G$6:$G3518,PEMBAYARAN!$R$6:$R3518,"Belum Bayar")} -> Belum Bayar
A52: JAWA TENGAH | B52: 69941717 | C52: MA SAFINATUL JABAL KABUPATEN TEMANGGUNG | D52: MA | E52: PENDIDIKAN UMUM | F52: SWASTA | G52: PENDIDIKAN MENENGAH | H52: KAB. TEMANGGUNG | I52: KEC. WONOBOYO | J52: KEBONSARI | K52: BANTENGAN, RT/RW 007/002 | L52: FORMAL | M52: KEMENTERIAN AGAMA | Q52: SMA NEGERI 3 CILACAP | R52: 20300727 | S52: SMA | T52: KAB. CILACAP | U52: JAWA TENGAH | V52: 23/09/2026 | W52: {=_xlfn.XLOOKUP(Q52,PEMBAYARAN!$G$6:$G3518,PEMBAYARAN!$R$6:$R3518,"Belum Bayar")}
A53: JAWA TENGAH | B53: 69867983 | C53: SMK MANDALA BHAKTI | D53: SMK | E53: PENDIDIKAN KEJURUAN | F53: SWASTA | G53: PENDIDIKAN MENENGAH | H53: KOTA SURAKARTA | I53: KEC. BANJARSARI | J53: NUSUKAN | K53: JL. SINGOSARI UTARA II RT.02 RW.01, NUSUKAN, BANJARSARI, SURAKARTA | L53: FORMAL | M53: KEMENTERIAN PENDIDIKAN DASAR DAN MENENGAH | Q53: SMA NEGERI 2 SURAKARTA | R53: 20327967 | S53: SMA | T53: KOTA SURAKARTA | U53: JAWA TENGAH | V53: 23/09/2026 | W53: {=_xlfn.XLOOKUP(Q53,PEMBAYARAN!$G$6:$G3518,PEMBAYARAN!$R$6:$R3518,"Belum Bayar")} -> Belum Bayar
A54: JAWA TENGAH | B54: 20363166 | C54: MADRASAH ALIYAH AT TAWAAZUN | D54: MA | E54: PENDIDIKAN UMUM | F54: SWASTA | G54: PENDIDIKAN MENENGAH | H54: KAB. PEMALANG | I54: KEC. PEMALANG | J54: WIDURI | K54: JL. NURI NO.56 WIDURI - PEMALANG | L54: FORMAL | M54: KEMENTERIAN AGAMA | Q54: SMA NEGERI 9 SURAKARTA | R54: 70039865 | S54: SMA | T54: KOTA SURAKARTA | U54: JAWA TENGAH | V54: 23/09/2026 | W54: {=_xlfn.XLOOKUP(Q54,PEMBAYARAN!$G$6:$G3518,PEMBAYARAN!$R$6:$R3518,"Belum Bayar")} -> 46254.571
A55: JAWA TENGAH | B55: 20353323 | C55: SMK AL-ISLAM SURAKARTA | D55: SMK | E55: PENDIDIKAN KEJURUAN | F55: SWASTA | G55: PENDIDIKAN MENENGAH | H55: KOTA SURAKARTA | I55: KEC. LAWEYAN | J55: SRIWEDARI | K55: JALAN HONGGOWONGSO 28 A SURAKARTA 57141 | L55: FORMAL | M55: KEMENTERIAN PENDIDIKAN DASAR DAN MENENGAH | Q55: SMA NEGERI 3 SRAGEN | R55: 20313027 | S55: SMA | T55: KAB. SRAGEN | U55: JAWA TENGAH | V55: 23/09/2026 | W55: {=_xlfn.XLOOKUP(Q55,PEMBAYARAN!$G$6:$G3518,PEMBAYARAN!$R$6:$R3518,"Belum Bayar")} | X55: Persiapan Sragen | Y55: TRUE
A56: JAWA TENGAH | B56: 69734236 | C56: MA TAKHASSUS AL QUR`AN | D56: MA | E56: PENDIDIKAN UMUM | F56: SWASTA | G56: PENDIDIKAN MENENGAH | H56: KAB. WONOSOBO | I56: KEC. SELOMERTO | J56: KALIERANG | K56: JL. BANYUMAS KM 05 KALIERANG | L56: FORMAL | M56: KEMENTERIAN AGAMA | Q56: SMA NEGERI 1 TANGEN | R56: 20313029 | S56: SMA | T56: KAB. SRAGEN | U56: JAWA TENGAH | V56: 23/09/2026 | W56: {=_xlfn.XLOOKUP(Q56,PEMBAYARAN!$G$6:$G3518,PEMBAYARAN!$R$6:$R3518,"Belum Bayar")} -> 46269.46 | X56: Persiapan Sragen | Y56: TRUE
A57: JAWA TENGAH | B57: 20363260 | C57: MAN 2 WONOSOBO | D57: MA | E57: PENDIDIKAN UMUM | F57: NEGERI | G57: PENDIDIKAN MENENGAH | H57: KAB. WONOSOBO | I57: KEC. MOJOTENGAH | J57: KRASAK | K57: JALAN DIENG | L57: FORMAL | M57: KEMENTERIAN AGAMA | Q57: SMA NEGERI 11 PURWOREJO | R57: 20306189 | S57: SMA | T57: KAB. PURWOREJO | U57: JAWA TENGAH | V57: 23/09/2026 | W57: {=_xlfn.XLOOKUP(Q57,PEMBAYARAN!$G$6:$G3518,PEMBAYARAN!$R$6:$R3518,"Belum Bayar")} -> Belum Bayar
A58: JAWA TENGAH | B58: 20363152 | C58: MA HASBULLAH | D58: MA | E58: PENDIDIKAN UMUM | F58: SWASTA | G58: PENDIDIKAN MENENGAH | H58: KAB. PEKALONGAN | I58: KEC. KARANGANYAR | J58: PODODADI | K58: JL. KEMPONG RAYA PODODADI KARANGANYAR | L58: FORMAL | M58: KEMENTERIAN AGAMA | Q58: SMA NEGERI 2 SRAGEN | R58: 20313028 | S58: SMA | T58: KAB. SRAGEN | U58: JAWA TENGAH | V58: 23/09/2026 | W58: {=_xlfn.XLOOKUP(Q58,PEMBAYARAN!$G$6:$G3518,PEMBAYARAN!$R$6:$R3518,"Belum Bayar")} -> 46261.485 | X58: Persiapan Sragen | Y58: TRUE
A59: JAWA TENGAH | B59: 72192375 | C59: SLB DHARMA BHAKTI MULIA SLOGOHIMO | D59: SLB | E59: PENDIDIKAN KHUSUS | F59: SWASTA | G59: PENDIDIKAN MENENGAH | H59: KAB. WONOGIRI | I59: KEC. SLOGOHIMO | J59: WARU | K59: DUKUH SANAN | L59: FORMAL | M59: KEMENTERIAN PENDIDIKAN DASAR DAN MENENGAH | Q59: SMA NEGERI 13 SEMARANG | R59: 20328910 | S59: SMA | T59: KOTA SEMARANG | U59: JAWA TENGAH | V59: 23/09/2026 | W59: {=_xlfn.XLOOKUP(Q59,PEMBAYARAN!$G$6:$G3518,PEMBAYARAN!$R$6:$R3518,"Belum Bayar")} -> 46265.605
A60: JAWA TENGAH | B60: 20339008 | C60: SMA MURIA PATI | D60: SMA | E60: PENDIDIKAN UMUM | F60: SWASTA | G60: PENDIDIKAN MENENGAH | H60: KAB. PATI | I60: KEC. MARGOREJO | J60: MUKTIHARJO | K60: JL. PRATOMO PATI | L60: FORMAL | M60: KEMENTERIAN PENDIDIKAN DASAR DAN MENENGAH | Q60: SMA NEGERI 6 PURWOREJO | R60: 20306172 | S60: SMA | T60: KAB. PURWOREJO | U60: JAWA TENGAH | V60: 23/09/2026 | W60: {=_xlfn.XLOOKUP(Q60,PEMBAYARAN!$G$6:$G3518,PEMBAYARAN!$R$6:$R3518,"Belum Bayar")} -> Belum Bayar
A61: JAWA TENGAH | B61: 20309695 | C61: SMK MUHAMMADIYAH 2 KLATEN UTARA | D61: SMK | E61: PENDIDIKAN KEJURUAN | F61: SWASTA | G61: PENDIDIKAN MENENGAH | H61: KAB. KLATEN | I61: KEC. KLATEN UTARA | J61: GERGUNUNG | K61: JL. MAYOR KUSMANTO | L61: FORMAL | M61: KEMENTERIAN PENDIDIKAN DASAR DAN MENENGAH | Q61: SMA NEGERI 1 JATILAWANG | R61: 20302183 | S61: SMA | T61: KAB. BANYUMAS | U61: JAWA TENGAH | V61: 23/09/2026 | W61: {=_xlfn.XLOOKUP(Q61,PEMBAYARAN!$G$6:$G3518,PEMBAYARAN!$R$6:$R3518,"Belum Bayar")} -> 46302.472
A62: JAWA TENGAH | B62: 20311329 | C62: SMK BAKTI NUSANTARA SIDOHARJO | D62: SMK | E62: PENDIDIKAN KEJURUAN | F62: SWASTA | G62: PENDIDIKAN MENENGAH | H62: KAB. WONOGIRI | I62: KEC. SIDOHARJO | J62: SIDOHARJO | K62: JL. KOPEN - SIDOHARJO | L62: FORMAL | M62: KEMENTERIAN PENDIDIKAN DASAR DAN MENENGAH | Q62: SMA BUDI UTOMO SURAKARTA | R62: 70023548 | S62: SMA | T62: KOTA SURAKARTA | U62: JAWA TENGAH | V62: 23/09/2026 | W62: {=_xlfn.XLOOKUP(Q62,PEMBAYARAN!$G$6:$G3518,PEMBAYARAN!$R$6:$R3518,"Belum Bayar")} -> 46303.441 | Y62: TRUE
A63: JAWA TENGAH | B63: 20324219 | C63: SMA NEGERI 1 BANTARBOLANG | D63: SMA | E63: PENDIDIKAN UMUM | F63: NEGERI | G63: PENDIDIKAN MENENGAH | H63: KAB. PEMALANG | I63: KEC. BANTARBOLANG | J63: BANTARBOLANG | K63: JL. KALI RUYUNG BANTARBOLANG | L63: FORMAL | M63: KEMENTERIAN PENDIDIKAN DASAR DAN MENENGAH | Q63: SMA NEGERI 1 PREMBUN | R63: 20305026 | S63: SMA | T63: KAB. KEBUMEN | U63: JAWA TENGAH | V63: 23/09/2026 | W63: {=_xlfn.XLOOKUP(Q63,PEMBAYARAN!$G$6:$G3518,PEMBAYARAN!$R$6:$R3518,"Belum Bayar")} -> Belum Bayar
A64: JAWA TENGAH | B64: 20321841 | C64: SMK NEGERI 1 KENDAL | D64: SMK | E64: PENDIDIKAN KEJURUAN | F64: NEGERI | G64: PENDIDIKAN MENENGAH | H64: KAB. KENDAL | I64: KEC. PATEBON | J64: PURWOKERTO | K64: JALAN SOEKARNO HATTA BARAT KM 03 KENDAL | L64: FORMAL | M64: KEMENTERIAN PENDIDIKAN DASAR DAN MENENGAH | Q64: SMA NEGERI 1 PATIKRAJA | R64: 20302181 | S64: SMA | T64: KAB. BANYUMAS | U64: JAWA TENGAH | V64: 23/09/2026 | W64: {=_xlfn.XLOOKUP(Q64,PEMBAYARAN!$G$6:$G3518,PEMBAYARAN!$R$6:$R3518,"Belum Bayar")}
A65: JAWA TENGAH | B65: 20315824 | C65: SLB NEGERI REMBANG | D65: SLB | E65: PENDIDIKAN KHUSUS | F65: NEGERI | G65: PENDIDIKAN MENENGAH | H65: KAB. REMBANG | I65: KEC. REMBANG | J65: KABONGAN KIDUL | K65: JL PEMUDA KM 2 REMBANG | L65: FORMAL | M65: KEMENTERIAN PENDIDIKAN DASAR DAN MENENGAH | Q65: SMA NEGERI 1 RAWALO | R65: 20302174 | S65: SMA | T65: KAB. BANYUMAS | U65: JAWA TENGAH | V65: 23/09/2026 | W65: {=_xlfn.XLOOKUP(Q65,PEMBAYARAN!$G$6:$G3518,PEMBAYARAN!$R$6:$R3518,"Belum Bayar")} -> 46248.6
A66: JAWA TENGAH | B66: 20313067 | C66: SMAS MUHAMMADIYAH 8 KALIJAMBE | D66: SMA | E66: PENDIDIKAN UMUM | F66: SWASTA | G66: PENDIDIKAN MENENGAH | H66: KAB. SRAGEN | I66: KEC. KALIJAMBE | J66: SAREN | K66: JL. SOLO-PURWODADI KM 17 | L66: FORMAL | M66: KEMENTERIAN PENDIDIKAN DASAR DAN MENENGAH | Q66: SMA NEGERI 1 SALAMAN | R66: 20307710 | S66: SMA | T66: KAB. MAGELANG | U66: JAWA TENGAH | V66: 23/09/2026 | W66: {=_xlfn.XLOOKUP(Q66,PEMBAYARAN!$G$6:$G3518,PEMBAYARAN!$R$6:$R3518,"Belum Bayar")} -> Belum Bayar
A67: JAWA TENGAH | B67: 20309677 | C67: SMA NEGERI 1 KARANGNONGKO | D67: SMA | E67: PENDIDIKAN UMUM | F67: NEGERI | G67: PENDIDIKAN MENENGAH | H67: KAB. KLATEN | I67: KEC. KARANGNONGKO | J67: SOMOKATON | K67: JL. DELES | L67: FORMAL | M67: KEMENTERIAN PENDIDIKAN DASAR DAN MENENGAH | Q67: SMA NEGERI 1 SUKODONO | R67: 20313031 | S67: SMA | T67: KAB. SRAGEN | U67: JAWA TENGAH | V67: 23/09/2026 | W67: {=_xlfn.XLOOKUP(Q67,PEMBAYARAN!$G$6:$G3518,PEMBAYARAN!$R$6:$R3518,"Belum Bayar")} -> 46308.602 | X67: Persiapan Sragen | Y67: TRUE
A68: JAWA TENGAH | B68: 20363206 | C68: MA DARUL MA`ARIF PRINGAPUS | D68: MA | E68: PENDIDIKAN UMUM | F68: SWASTA | G68: PENDIDIKAN MENENGAH | H68: KAB. SEMARANG | I68: KEC. PRINGAPUS | J68: PRINGAPUS | K68: JL. SYEKH BASYARUDDIN NO. 1 | L68: FORMAL | M68: KEMENTERIAN AGAMA | Q68: SMA NEGERI 1 BANDONGAN | R68: 20307640 | S68: SMA | T68: KAB. MAGELANG | U68: JAWA TENGAH | V68: 23/09/2026 | W68: {=_xlfn.XLOOKUP(Q68,PEMBAYARAN!$G$6:$G3518,PEMBAYARAN!$R$6:$R3518,"Belum Bayar")} -> Belum Bayar
A69: JAWA TENGAH | B69: 20331718 | C69: SLB BC BINA PUTERA AMBARAWA | D69: SLB | E69: PENDIDIKAN KHUSUS | F69: SWASTA | G69: PENDIDIKAN MENENGAH | H69: KAB. SEMARANG | I69: KEC. AMBARAWA | J69: TAMBAKBOYO | K69: BUSUNGAN | L69: FORMAL | M69: KEMENTERIAN PENDIDIKAN DASAR DAN MENENGAH | Q69: SMA NEGERI 1 KARANGKOBAR | R69: 20303984 | S69: SMA | T69: KAB. BANJARNEGARA | U69: JAWA TENGAH | V69: 23/09/2026 | W69: {=_xlfn.XLOOKUP(Q69,PEMBAYARAN!$G$6:$G3518,PEMBAYARAN!$R$6:$R3518,"Belum Bayar")} -> 46261.485
A70: JAWA TENGAH | B70: 20300782 | C70: SLB NEGERI CILACAP | D70: SLB | E70: PENDIDIKAN KHUSUS | F70: NEGERI | G70: PENDIDIKAN MENENGAH | H70: KAB. CILACAP | I70: KEC. CILACAP UTARA | J70: GUMILIR | K70: JALAN KETAPANG NO. 5 | L70: FORMAL | M70: KEMENTERIAN PENDIDIKAN DASAR DAN MENENGAH | Q70: SMA NEGERI 1 GRABAG | R70: 20307727 | S70: SMA | T70: KAB. MAGELANG | U70: JAWA TENGAH | V70: 23/09/2026 | W70: {=_xlfn.XLOOKUP(Q70,PEMBAYARAN!$G$6:$G3518,PEMBAYARAN!$R$6:$R3518,"Belum Bayar")} -> 46287.481
A71: JAWA TENGAH | B71: 20363002 | C71: MAS YAPIKA | D71: MA | E71: PENDIDIKAN UMUM | F71: SWASTA | G71: PENDIDIKAN MENENGAH | H71: KAB. KEBUMEN | I71: KEC. PETANAHAN | J71: TANJUNGSARI | K71: JL. PASAR GAMBLOK RT 04 RW 02 | L71: FORMAL | M71: KEMENTERIAN AGAMA | Q71: SMA NEGERI 2 GRABAG | R71: 20307709 | S71: SMA | T71: KAB. MAGELANG | U71: JAWA TENGAH | V71: 23/09/2026 | W71: {=_xlfn.XLOOKUP(Q71,PEMBAYARAN!$G$6:$G3518,PEMBAYARAN!$R$6:$R3518,"Belum Bayar")} -> 46309.447
A72: JAWA TENGAH | B72: 70035520 | C72: MA ASSHODIQIYAH | D72: MA | E72: PENDIDIKAN UMUM | F72: SWASTA | G72: PENDIDIKAN MENENGAH | H72: KOTA SEMARANG | I72: KEC. GAYAMSARI | J72: KALIGAWE | K72: JL. SAWAH BESAR TIMUR NO. 99 RT. 09 RW. 02 | L72: FORMAL | M72: KEMENTERIAN AGAMA | Q72: SMA NEGERI 1 CANDIMULYO | R72: 20307627 | S72: SMA | T72: KAB. MAGELANG | U72: JAWA TENGAH | V72: 23/09/2026 | W72: {=_xlfn.XLOOKUP(Q72,PEMBAYARAN!$G$6:$G3518,PEMBAYARAN!$R$6:$R3518,"Belum Bayar")} -> Belum Bayar
A73: JAWA TENGAH | B73: 20311044 | C73: SMK MUHAMMADIYAH 5 PURWANTORO WONOGIRI | D73: SMK | E73: PENDIDIKAN KEJURUAN | F73: SWASTA | G73: PENDIDIKAN MENENGAH | H73: KAB. WONOGIRI | I73: KEC. PURWANTORO | J73: TEGALREJO | K73: JL. PAKIS BARU PURWANTORO | L73: FORMAL | M73: KEMENTERIAN PENDIDIKAN DASAR DAN MENENGAH | Q73: SMA NEGERI 1 POLOKARTO | R73: 20310416 | S73: SMA | T73: KAB. SUKOHARJO | U73: JAWA TENGAH | V73: 23/09/2026 | W73: {=_xlfn.XLOOKUP(Q73,PEMBAYARAN!$G$6:$G3518,PEMBAYARAN!$R$6:$R3518,"Belum Bayar")} -> 46267.483
A74: JAWA TENGAH | B74: 20313073 | C74: SMAS MUHAMMADIYAH 9 SAMBIREJO | D74: SMA | E74: PENDIDIKAN UMUM | F74: SWASTA | G74: PENDIDIKAN MENENGAH | H74: KAB. SRAGEN | I74: KEC. SAMBIREJO | J74: SAMBIREJO | K74: JL. SRAGEN - BALONG KM. 12 | L74: FORMAL | M74: KEMENTERIAN PENDIDIKAN DASAR DAN MENENGAH | Q74: SMA NEGERI 1 GEMOLONG | R74: 20313048 | S74: SMA | T74: KAB. SRAGEN | U74: JAWA TENGAH | V74: 23/09/2026 | W74: {=_xlfn.XLOOKUP(Q74,PEMBAYARAN!$G$6:$G3518,PEMBAYARAN!$R$6:$R3518,"Belum Bayar")} -> Belum Bayar | Y74: TRUE
A75: JAWA TENGAH | B75: 20362559 | C75: SMK IHSANIYAH TEGAL | D75: SMK | E75: PENDIDIKAN KEJURUAN | F75: SWASTA | G75: PENDIDIKAN MENENGAH | H75: KOTA TEGAL | I75: KEC. TEGAL TIMUR | J75: SLEROK | K75: JL. SUMBODRO NO. 14 TEGAL | L75: FORMAL | M75: KEMENTERIAN PENDIDIKAN DASAR DAN MENENGAH | Q75: SMA NEGERI 1 DUKUN | R75: 20307677 | S75: SMA | T75: KAB. MAGELANG | U75: JAWA TENGAH | V75: 23/09/2026 | W75: {=_xlfn.XLOOKUP(Q75,PEMBAYARAN!$G$6:$G3518,PEMBAYARAN!$R$6:$R3518,"Belum Bayar")} -> 46283.583
A76: JAWA TENGAH | B76: 20328939 | C76: SMA NEGERI 9 SEMARANG | D76: SMA | E76: PENDIDIKAN UMUM | F76: NEGERI | G76: PENDIDIKAN MENENGAH | H76: KOTA SEMARANG | I76: KEC. BANYUMANIK | J76: PADANGSARI | K76: JL. CEMARA RAYA | L76: FORMAL | M76: KEMENTERIAN PENDIDIKAN DASAR DAN MENENGAH | Q76: SMA NEGERI 1 NGLUWAR | R76: 20307711 | S76: SMA | T76: KAB. MAGELANG | U76: JAWA TENGAH | V76: 23/09/2026 | W76: {=_xlfn.XLOOKUP(Q76,PEMBAYARAN!$G$6:$G3518,PEMBAYARAN!$R$6:$R3518,"Belum Bayar")} -> 46262.619
A77: JAWA TENGAH | B77: 20306806 | C77: SMA NEGERI 2 WONOSOBO | D77: SMA | E77: PENDIDIKAN UMUM | F77: NEGERI | G77: PENDIDIKAN MENENGAH | H77: KAB. WONOSOBO | I77: KEC. SELOMERTO | J77: KALIERANG | K77: JL. BANYUMAS KM. 5 WONOSOBO | L77: FORMAL | M77: KEMENTERIAN PENDIDIKAN DASAR DAN MENENGAH | Q77: SMA NEGERI 1 KARTASURA | R77: 20310425 | S77: SMA | T77: KAB. SUKOHARJO | U77: JAWA TENGAH | V77: 23/09/2026 | W77: {=_xlfn.XLOOKUP(Q77,PEMBAYARAN!$G$6:$G3518,PEMBAYARAN!$R$6:$R3518,"Belum Bayar")} -> Belum Bayar
A78: JAWA TENGAH | B78: 20312066 | C78: SMK TUNAS MUDA KARANGANYAR | D78: SMK | E78: PENDIDIKAN KEJURUAN | F78: SWASTA | G78: PENDIDIKAN MENENGAH | H78: KAB. KARANGANYAR | I78: KEC. TASIKMADU | J78: NGIJO | K78: DR. RAJIMAN NGIJO | L78: FORMAL | M78: KEMENTERIAN PENDIDIKAN DASAR DAN MENENGAH | Q78: SMA NEGERI 2 PURWOREJO | R78: 20306176 | S78: SMA | T78: KAB. PURWOREJO | U78: JAWA TENGAH | V78: 23/09/2026 | W78: {=_xlfn.XLOOKUP(Q78,PEMBAYARAN!$G$6:$G3518,PEMBAYARAN!$R$6:$R3518,"Belum Bayar")} -> Belum Bayar
A79: JAWA TENGAH | B79: 70027692 | C79: SMA SAINS DAARUL QURAN KARANGANYAR | D79: SMA | E79: PENDIDIKAN UMUM | F79: SWASTA | G79: PENDIDIKAN MENENGAH | H79: KAB. KARANGANYAR | I79: KEC. COLOMADU | J79: PAULAN | K79: SANGGIR RT 002 RW 008 | L79: FORMAL | M79: KEMENTERIAN PENDIDIKAN DASAR DAN MENENGAH | Q79: SMA NEGERI 1 MERTOYUDAN | R79: 20307713 | S79: SMA | T79: KAB. MAGELANG | U79: JAWA TENGAH | V79: 23/09/2026 | W79: {=_xlfn.XLOOKUP(Q79,PEMBAYARAN!$G$6:$G3518,PEMBAYARAN!$R$6:$R3518,"Belum Bayar")} -> 46283.583
A80: JAWA TENGAH | B80: 69851465 | C80: SMK MIGAS MUHAMMADIYAH CILACAP | D80: SMK | E80: PENDIDIKAN KEJURUAN | F80: SWASTA | G80: PENDIDIKAN MENENGAH | H80: KAB. CILACAP | I80: KEC. CILACAP SELATAN | J80: TEGALKAMULYAN | K80: JL. KALIMANTAN CILACAP | L80: FORMAL | M80: KEMENTERIAN PENDIDIKAN DASAR DAN MENENGAH | Q80: SMA NEGERI 2 WONOSOBO | R80: 20306806 | S80: SMA | T80: KAB. WONOSOBO | U80: JAWA TENGAH | V80: 23/09/2026 | W80: {=_xlfn.XLOOKUP(Q80,PEMBAYARAN!$G$6:$G3518,PEMBAYARAN!$R$6:$R3518,"Belum Bayar")} -> Belum Bayar
A81: JAWA TENGAH | B81: 20310416 | C81: SMA NEGERI 1 POLOKARTO | D81: SMA | E81: PENDIDIKAN UMUM | F81: NEGERI | G81: PENDIDIKAN MENENGAH | H81: KAB. SUKOHARJO | I81: KEC. POLOKARTO | J81: GODOG | K81: BUTUH, GODOG, POLOKARTO, SKH | L81: FORMAL | M81: KEMENTERIAN PENDIDIKAN DASAR DAN MENENGAH | Q81: SMA NEGERI 1 SRAGEN | R81: 20354028 | S81: SMA | T81: KAB. SRAGEN | U81: JAWA TENGAH | V81: 23/09/2026 | W81: {=_xlfn.XLOOKUP(Q81,PEMBAYARAN!$G$6:$G3518,PEMBAYARAN!$R$6:$R3518,"Belum Bayar")} -> 46269.591 | X81: Persiapan Sragen | Y81: TRUE
A82: JAWA TENGAH | B82: 60728474 | C82: SMK AL FAJAR LEBAKSIU | D82: SMK | E82: PENDIDIKAN KEJURUAN | F82: SWASTA | G82: PENDIDIKAN MENENGAH | H82: KAB. TEGAL | I82: KEC. LEBAKSIU | J82: JATIMULYA | K82: JL. KH. MUFTI SALIM NO. 1 BABAKAN LEBAKSIU | L82: FORMAL | M82: KEMENTERIAN PENDIDIKAN DASAR DAN MENENGAH | Q82: SMA ISLAM SUDIRMAN AMBARAWA | R82: 20320373 | S82: SMA | T82: KAB. SEMARANG | U82: JAWA TENGAH | V82: 23/09/2026 | W82: {=_xlfn.XLOOKUP(Q82,PEMBAYARAN!$G$6:$G3518,PEMBAYARAN!$R$6:$R3518,"Belum Bayar")} -> 46296.493
A83: JAWA TENGAH | B83: 20328943 | C83: SMK PENERBANGAN KARTIKA AQASA BHAKTI | D83: SMK | E83: PENDIDIKAN KEJURUAN | F83: SWASTA | G83: PENDIDIKAN MENENGAH | H83: KOTA SEMARANG | I83: KEC. SEMARANG BARAT | J83: KALIBANTENG KULON | K83: JL. JEMBAWAN RAYA NO.20 A SEMARANG | L83: FORMAL | M83: KEMENTERIAN PENDIDIKAN DASAR DAN MENENGAH | Q83: SMA NEGERI 1 BLORA | R83: 20314885 | S83: SMA | T83: KAB. BLORA | U83: JAWA TENGAH | V83: 23/09/2026 | W83: {=_xlfn.XLOOKUP(Q83,PEMBAYARAN!$G$6:$G3518,PEMBAYARAN!$R$6:$R3518,"Belum Bayar")} -> Belum Bayar
A84: JAWA TENGAH | B84: 20364915 | C84: MAS MA`ARIF NU 1 CILONGOK | D84: MA | E84: PENDIDIKAN UMUM | F84: SWASTA | G84: PENDIDIKAN MENENGAH | H84: KAB. BANYUMAS | I84: KEC. CILONGOK | J84: RANCAMAYA | K84: JL.PANEMBANGAN-RANCAMAYA KM.1 | L84: FORMAL | M84: KEMENTERIAN AGAMA | Q84: SMA NEGERI 1 ADIPALA | R84: 20339149 | S84: SMA | T84: KAB. CILACAP | U84: JAWA TENGAH | V84: 23/09/2026 | W84: {=_xlfn.XLOOKUP(Q84,PEMBAYARAN!$G$6:$G3518,PEMBAYARAN!$R$6:$R3518,"Belum Bayar")} -> Belum Bayar
A85: JAWA TENGAH | B85: 20327611 | C85: SMK YUDYA KARYA | D85: SMK | E85: PENDIDIKAN KEJURUAN | F85: SWASTA | G85: PENDIDIKAN MENENGAH | H85: KOTA MAGELANG | I85: KEC. MAGELANG UTARA | J85: KEDUNGSARI | K85: JL JENDRAL A YANI 320 MAGELANG | L85: FORMAL | M85: KEMENTERIAN PENDIDIKAN DASAR DAN MENENGAH | Q85: SMA NEGERI 1 GONDANG | R85: 20313034 | S85: SMA | T85: KAB. SRAGEN | U85: JAWA TENGAH | V85: 23/09/2026 | W85: {=_xlfn.XLOOKUP(Q85,PEMBAYARAN!$G$6:$G3518,PEMBAYARAN!$R$6:$R3518,"Belum Bayar")} -> Belum Bayar | X85: Persiapan Sragen | Y85: TRUE
A86: JAWA TENGAH | B86: 20328948 | C86: SMK NEGERI 1 SEMARANG | D86: SMK | E86: PENDIDIKAN KEJURUAN | F86: NEGERI | G86: PENDIDIKAN MENENGAH | H86: KOTA SEMARANG | I86: KEC. SEMARANG TIMUR | J86: SARIREJO | K86: JL. DR. CIPTO NO. 93 | L86: FORMAL | M86: KEMENTERIAN PENDIDIKAN DASAR DAN MENENGAH | Q86: SMA NEGERI 1 WADASLINTANG | R86: 20306808 | S86: SMA | T86: KAB. WONOSOBO | U86: JAWA TENGAH | V86: 23/09/2026 | W86: {=_xlfn.XLOOKUP(Q86,PEMBAYARAN!$G$6:$G3518,PEMBAYARAN!$R$6:$R3518,"Belum Bayar")} -> Belum Bayar
A87: JAWA TENGAH | B87: 20341105 | C87: SMK MA`ARIF NU WIROSARI | D87: SMK | E87: PENDIDIKAN KEJURUAN | F87: SWASTA | G87: PENDIDIKAN MENENGAH | H87: KAB. GROBOGAN | I87: KEC. WIROSARI | J87: KALIREJO | K87: JLN. RAYA WIROSARI - KUWU KM.03 KALIREJO WIROSARI GROBOGAN | L87: FORMAL | M87: KEMENTERIAN PENDIDIKAN DASAR DAN MENENGAH | Q87: SMA NEGERI 1 GRINGSING | R87: 20322742 | S87: SMA | T87: KAB. BATANG | U87: JAWA TENGAH | V87: 23/09/2026 | W87: {=_xlfn.XLOOKUP(Q87,PEMBAYARAN!$G$6:$G3518,PEMBAYARAN!$R$6:$R3518,"Belum Bayar")} -> 46272.643
A88: JAWA TENGAH | B88: 20330116 | C88: SMK MUHAMMADIYAH GUNEM | D88: SMK | E88: PENDIDIKAN KEJURUAN | F88: SWASTA | G88: PENDIDIKAN MENENGAH | H88: KAB. REMBANG | I88: KEC. GUNEM | J88: GUNEM | K88: GUNEM, KEC. GUNEM - REMBANG | L88: FORMAL | M88: KEMENTERIAN PENDIDIKAN DASAR DAN MENENGAH | Q88: SMA NEGERI 1 BANDAR | R88: 20322745 | S88: SMA | T88: KAB. BATANG | U88: JAWA TENGAH | V88: 23/09/2026 | W88: {=_xlfn.XLOOKUP(Q88,PEMBAYARAN!$G$6:$G3518,PEMBAYARAN!$R$6:$R3518,"Belum Bayar")} -> 46273.604
A89: JAWA TENGAH | B89: 20318419 | C89: SMK BHAKTI PRAJA JEPARA | D89: SMK | E89: PENDIDIKAN KEJURUAN | F89: SWASTA | G89: PENDIDIKAN MENENGAH | H89: KAB. JEPARA | I89: KEC. JEPARA | J89: DEMAAN | K89: KELURAHAN DEMAAN RT. 01 RW. 02 | L89: FORMAL | M89: KEMENTERIAN PENDIDIKAN DASAR DAN MENENGAH | Q89: SMA NEGERI 1 CIPARI | R89: 20300596 | S89: SMA | T89: KAB. CILACAP | U89: JAWA TENGAH | V89: 23/09/2026 | W89: {=_xlfn.XLOOKUP(Q89,PEMBAYARAN!$G$6:$G3518,PEMBAYARAN!$R$6:$R3518,"Belum Bayar")} -> 46282.589
A90: JAWA TENGAH | B90: 20330035 | C90: SMA MUHAMMADIYAH RANDUBLATUNG | D90: SMA | E90: PENDIDIKAN UMUM | F90: SWASTA | G90: PENDIDIKAN MENENGAH | H90: KAB. BLORA | I90: KEC. RANDUBLATUNG | J90: PILANG | K90: JL MENDEN KM 1 RANDUBLATUNG | L90: FORMAL | M90: KEMENTERIAN PENDIDIKAN DASAR DAN MENENGAH | Q90: SMA NEGERI 1 SUBAH | R90: 20322741 | S90: SMA | T90: KAB. BATANG | U90: JAWA TENGAH | V90: 23/09/2026 | W90: {=_xlfn.XLOOKUP(Q90,PEMBAYARAN!$G$6:$G3518,PEMBAYARAN!$R$6:$R3518,"Belum Bayar")} -> 46267.612
A91: JAWA TENGAH | B91: 69929277 | C91: SLB PGRI PURWODADI | D91: SLB | E91: PENDIDIKAN KHUSUS | F91: SWASTA | G91: PENDIDIKAN MENENGAH | H91: KAB. GROBOGAN | I91: KEC. PURWODADI | J91: PURWODADI | K91: JL. R. SOEPRAPTO, GG PRINGGODANI 2 NOMOR 1, PURWODADI KAB. GROBOGAN | L91: FORMAL | M91: KEMENTERIAN PENDIDIKAN DASAR DAN MENENGAH | Q91: SMA NEGERI 1 BULU | R91: 20310422 | S91: SMA | T91: KAB. SUKOHARJO | U91: JAWA TENGAH | V91: 23/09/2026 | W91: {=_xlfn.XLOOKUP(Q91,PEMBAYARAN!$G$6:$G3518,PEMBAYARAN!$R$6:$R3518,"Belum Bayar")} -> Belum Bayar
A92: JAWA TENGAH | B92: 70008837 | C92: MAS TARBIYATUL AULAAD | D92: MA | E92: PENDIDIKAN UMUM | F92: SWASTA | G92: PENDIDIKAN MENENGAH | H92: KAB. CILACAP | I92: KEC. CILACAP SELATAN | J92: TEGALKAMULYAN | K92: JL. BUDI UTOMO BANDENGAN | L92: FORMAL | M92: KEMENTERIAN AGAMA | Q92: SMA NEGERI 1 MUNTILAN | R92: 20307712 | S92: SMA | T92: KAB. MAGELANG | U92: JAWA TENGAH | V92: 23/09/2026 | W92: {=_xlfn.XLOOKUP(Q92,PEMBAYARAN!$G$6:$G3518,PEMBAYARAN!$R$6:$R3518,"Belum Bayar")} -> Belum Bayar
A93: JAWA TENGAH | B93: 20315695 | C93: SMA NEGERI 1 LASEM | D93: SMA | E93: PENDIDIKAN UMUM | F93: NEGERI | G93: PENDIDIKAN MENENGAH | H93: KAB. REMBANG | I93: KEC. LASEM | J93: NGEMPLAK | K93: JL. SUNAN BONANG NO. 1 LASEM | L93: FORMAL | M93: KEMENTERIAN PENDIDIKAN DASAR DAN MENENGAH | Q93: SMA NEGERI 1 BUKATEJA | R93: 20303230 | S93: SMA | T93: KAB. PURBALINGGA | U93: JAWA TENGAH | V93: 23/09/2026 | W93: {=_xlfn.XLOOKUP(Q93,PEMBAYARAN!$G$6:$G3518,PEMBAYARAN!$R$6:$R3518,"Belum Bayar")} -> 46294.488
A94: JAWA TENGAH | B94: 70034488 | C94: MA PLUS AL MU`MIN MANBA`UL ULUM | D94: MA | E94: PENDIDIKAN UMUM | F94: SWASTA | G94: PENDIDIKAN MENENGAH | H94: KAB. CILACAP | I94: KEC. KEDUNGREJA | J94: KALIWUNGU | K94: JALAN KYAI SURAWAL NO 7 RT 005 RW 02 | L94: FORMAL | M94: KEMENTERIAN AGAMA | Q94: SMA NEGERI 1 BOYOLALI | R94: 20308449 | S94: SMA | T94: KAB. BOYOLALI | U94: JAWA TENGAH | V94: 23/09/2026 | W94: {=_xlfn.XLOOKUP(Q94,PEMBAYARAN!$G$6:$G3518,PEMBAYARAN!$R$6:$R3518,"Belum Bayar")} -> Belum Bayar
A95: JAWA TENGAH | B95: 20320373 | C95: SMA ISLAM SUDIRMAN AMBARAWA | D95: SMA | E95: PENDIDIKAN UMUM | F95: SWASTA | G95: PENDIDIKAN MENENGAH | H95: KAB. SEMARANG | I95: KEC. AMBARAWA | J95: KUPANG | K95: JL. JENDERAL SUDIRMAN NO. 2 A AMBARAWA | L95: FORMAL | M95: KEMENTERIAN PENDIDIKAN DASAR DAN MENENGAH | Q95: SMA NEGERI 1 BAWANG | R95: 20322743 | S95: SMA | T95: KAB. BATANG | U95: JAWA TENGAH | W95: {=_xlfn.XLOOKUP(Q95,PEMBAYARAN!$G$6:$G3518,PEMBAYARAN!$R$6:$R3518,"Belum Bayar")} -> 46252.578
A96: JAWA TENGAH | B96: 20353623 | C96: SLB NEGERI BANJARNEGARA | D96: SLB | E96: PENDIDIKAN KHUSUS | F96: NEGERI | G96: PENDIDIKAN MENENGAH | H96: KAB. BANJARNEGARA | I96: KEC. MADUKARA | J96: REJASA | K96: JL RAYA KENTENG REJASA | L96: FORMAL | M96: KEMENTERIAN PENDIDIKAN DASAR DAN MENENGAH
A97: JAWA TENGAH | B97: 69941693 | C97: MA I`ANATUL QUR`AN | D97: MA | E97: PENDIDIKAN UMUM | F97: SWASTA | G97: PENDIDIKAN MENENGAH | H97: KAB. WONOSOBO | I97: KEC. LEKSONO | J97: SAWANGAN | K97: JL. BANYUMAS KM 10 RT 001 RW 002 | L97: FORMAL | M97: KEMENTERIAN AGAMA
A98: JAWA TENGAH | B98: 60728791 | C98: MAS TANBIHUL GHOFILIN | D98: MA | E98: PENDIDIKAN UMUM | F98: SWASTA | G98: PENDIDIKAN MENENGAH | H98: KAB. BANJARNEGARA | I98: KEC. BAWANG | J98: MANTRIANOM | K98: JL. RAYA MANTRIANOM KM. 07 | L98: FORMAL | M98: KEMENTERIAN AGAMA
A99: JAWA TENGAH | B99: 20353265 | C99: SMK AL - ISLAM KUDUS | D99: SMK | E99: PENDIDIKAN KEJURUAN | F99: SWASTA | G99: PENDIDIKAN MENENGAH | H99: KAB. KUDUS | I99: KEC. KOTA KUDUS | J99: SINGOCANDI | K99: JL. KHM. ARWANI, SINGOCANDI KUDUS | L99: FORMAL | M99: KEMENTERIAN PENDIDIKAN DASAR DAN MENENGAH
A100: JAWA TENGAH | B100: 20313070 | C100: SMAS MUHAMMADIYAH 3 MASARAN SRAGEN | D100: SMA | E100: PENDIDIKAN UMUM | F100: SWASTA | G100: PENDIDIKAN MENENGAH | H100: KAB. SRAGEN | I100: KEC. MASARAN | J100: JATI | K100: JL. RAYA MASARAN SRAGEN | L100: FORMAL | M100: KEMENTERIAN PENDIDIKAN DASAR DAN MENENGAH
A101: JAWA TENGAH | B101: 20340727 | C101: SMK MUHAMMADIYAH 4 KLATEN TENGAH | D101: SMK | E101: PENDIDIKAN KEJURUAN | F101: SWASTA | G101: PENDIDIKAN MENENGAH | H101: KAB. KLATEN | I101: KEC. KLATEN TENGAH | J101: BUNTALAN | K101: JL. JOMBOR INDAH KM 1 | L101: FORMAL | M101: KEMENTERIAN PENDIDIKAN DASAR DAN MENENGAH
...

Sheet PEMBAYARAN
D1: DAFTAR ORDER SIPLah
A2: SMAN 1 Kajen | F2: Data Otomatis dari | G2: https://docs.google.com/spreadsheets/d/1r7Tu4i1wdGSE1v7PLLbL4LHgrkp8S3KHqOdmaCZaZpc/edit?usp=sharing
A3: SMAN 1 Ambarawa | H3: TOTAL | J3: =SUBTOTAL(9,J6:J1700) -> 1600103630 | K3: =SUBTOTAL(9,K6:K1700) -> 1498353815 | L3: =SUBTOTAL(9,L6:L1700) -> 158568840 | M3: =SUBTOTAL(9,M6:M1700) -> 7207655 | N3: =SUBTOTAL(9,N6:N1700) -> 503500 | O3: =SUBTOTAL(9,O6:O1700) -> 1342615466 | W3: =SUBTOTAL(9,W6:W1700) -> 1466665500
A5: SMAN 10 Semarang | C5: NPSN | D5: No | E5: Tanggal | F5: Nomor Pesanan | G5: Nama Sekolah | H5: Kota Tujuan | I5: Jumlah | J5: Nilai Pesanan | K5: Jumlah Dibayarkan | L5: PPN | M5: PPH 22 | N5: Biaya Admin | O5: Uang yang diterima Penyedia | P5: Pembayar Pajak | Q5: Status | R5: Tanggal Penerusan Dana | S5: Nomor Invoice | T5: PO | U5: NO. PEMB | W5: NILAI PESAN ACCURATE
A6: SMAN 11 Semarang | C6: {=_xlfn.XLOOKUP(G6,'Sekolah Aplikasi B+'!$Q$5:$Q1700,'Sekolah Aplikasi B+'!$R$5:$R1700,"BELUM UPLOAD")} -> 20300719 | D6: =IFERROR(__xludf.DUMMYFUNCTION("IMPORTRANGE(""https://docs.google.com/spreadsheets/d/1r7Tu4i1wdGSE1v7PLLbL4LHgrkp8S3KHqOdmaCZaZpc/edit?usp=sharing"",""DATA SIPLAH 26!A5:T"")"),1.0) -> 1 | E6: =IFERROR(__xludf.DUMMYFUNCTION("""COMPUTED_VALUE"""),46247.0) -> 46247 | F6: =IFERROR(__xludf.DUMMYFUNCTION("""COMPUTED_VALUE"""),"PO6A7B156722B7E") -> PO6A7B156722B7E | G6: =IFERROR(__xludf.DUMMYFUNCTION("""COMPUTED_VALUE"""),"SMA NEGERI 1 KROYA") -> SMA NEGERI 1 KROYA | H6: =IFERROR(__xludf.DUMMYFUNCTION("""COMPUTED_VALUE"""),"Kab. Cilacap, Prov. Jawa Tengah") -> Kab. Cilacap, Prov. Jawa Tengah | I6: =IFERROR(__xludf.DUMMYFUNCTION("""COMPUTED_VALUE"""),1.0) -> 1 | J6: =IFERROR(__xludf.DUMMYFUNCTION("""COMPUTED_VALUE"""),7631250.0) -> 7631250 | K6: =IFERROR(__xludf.DUMMYFUNCTION("""COMPUTED_VALUE"""),7631250.0) -> 7631250 | L6: =IFERROR(__xludf.DUMMYFUNCTION("""COMPUTED_VALUE"""),756250.0) -> 756250 | M6: =IFERROR(__xludf.DUMMYFUNCTION("""COMPUTED_VALUE"""),34375.0) -> 34375 | N6: =IFERROR(__xludf.DUMMYFUNCTION("""COMPUTED_VALUE"""),10000.0) -> 10000 | O6: =IFERROR(__xludf.DUMMYFUNCTION("""COMPUTED_VALUE"""),6830625.0) -> 6830625 | P6: =IFERROR(__xludf.DUMMYFUNCTION("""COMPUTED_VALUE"""),"Toko Ladang") -> Toko Ladang | Q6: =IFERROR(__xludf.DUMMYFUNCTION("""COMPUTED_VALUE"""),"Pembayaran Diteruskan") -> Pembayaran Diteruskan | R6: =IFERROR(__xludf.DUMMYFUNCTION("""COMPUTED_VALUE"""),46248.46005787037) -> 46248.46 | S6: =IFERROR(__xludf.DUMMYFUNCTION("""COMPUTED_VALUE"""),"11220146/INV/PO6A7B156722B7E") -> 11220146/INV/PO6A7B156722B7E | T6: =IFERROR(__xludf.DUMMYFUNCTION("""COMPUTED_VALUE"""),"PE-CLCP-07") -> PE-CLCP-07 | U6: =IFERROR(__xludf.DUMMYFUNCTION("""COMPUTED_VALUE"""),"11010202.2026.08.00002") -> 11010202.2026.08.00002 | W6: =IFERROR(__xludf.DUMMYFUNCTION("""COMPUTED_VALUE"""),6875000.0) -> 6875000 | X6: =LEFT(H6,(LEN(H6)-19)) -> Kab. Cilacap
A7: SMAN 2 Ungaran | C7: {=_xlfn.XLOOKUP(G7,'Sekolah Aplikasi B+'!$Q$5:$Q1700,'Sekolah Aplikasi B+'!$R$5:$R1700,"BELUM UPLOAD")} -> 20303985 | D7: =IFERROR(__xludf.DUMMYFUNCTION("""COMPUTED_VALUE"""),2.0) -> 2 | E7: =IFERROR(__xludf.DUMMYFUNCTION("""COMPUTED_VALUE"""),46247.0) -> 46247 | F7: =IFERROR(__xludf.DUMMYFUNCTION("""COMPUTED_VALUE"""),"PO6A7D34F7CC471") -> PO6A7D34F7CC471 | G7: =IFERROR(__xludf.DUMMYFUNCTION("""COMPUTED_VALUE"""),"SMA NEGERI 1 BAWANG") -> SMA NEGERI 1 BAWANG | H7: =IFERROR(__xludf.DUMMYFUNCTION("""COMPUTED_VALUE"""),"Kab. Banjarnegara, Prov. Jawa Tengah") -> Kab. Banjarnegara, Prov. Jawa Tengah | I7: =IFERROR(__xludf.DUMMYFUNCTION("""COMPUTED_VALUE"""),1.0) -> 1 | J7: =IFERROR(__xludf.DUMMYFUNCTION("""COMPUTED_VALUE"""),2.25E7) -> 22500000 | K7: =IFERROR(__xludf.DUMMYFUNCTION("""COMPUTED_VALUE"""),2.25E7) -> 22500000 | L7: =IFERROR(__xludf.DUMMYFUNCTION("""COMPUTED_VALUE"""),2229730.0) -> 2229730 | M7: =IFERROR(__xludf.DUMMYFUNCTION("""COMPUTED_VALUE"""),101351.0) -> 101351 | N7: =IFERROR(__xludf.DUMMYFUNCTION("""COMPUTED_VALUE"""),10000.0) -> 10000 | O7: =IFERROR(__xludf.DUMMYFUNCTION("""COMPUTED_VALUE"""),2.0158919E7) -> 20158919 | P7: =IFERROR(__xludf.DUMMYFUNCTION("""COMPUTED_VALUE"""),"Toko Ladang") -> Toko Ladang | Q7: =IFERROR(__xludf.DUMMYFUNCTION("""COMPUTED_VALUE"""),"Pembayaran Diteruskan") -> Pembayaran Diteruskan | R7: =IFERROR(__xludf.DUMMYFUNCTION("""COMPUTED_VALUE"""),46252.57753472222) -> 46252.578 | S7: =IFERROR(__xludf.DUMMYFUNCTION("""COMPUTED_VALUE"""),"11270737/INV/PO6A7D34F7CC471") -> 11270737/INV/PO6A7D34F7CC471 | T7: =IFERROR(__xludf.DUMMYFUNCTION("""COMPUTED_VALUE"""),"PE-BJR-01") -> PE-BJR-01 | U7: =IFERROR(__xludf.DUMMYFUNCTION("""COMPUTED_VALUE"""),"11010202.2026.08.00003") -> 11010202.2026.08.00003 | W7: =IFERROR(__xludf.DUMMYFUNCTION("""COMPUTED_VALUE"""),2.97915E7) -> 29791500 | X7: =LEFT(H7,(LEN(H7)-19)) -> Kab. Banjarnegara
A8: SMAN 1 Klaten | C8: {=_xlfn.XLOOKUP(G8,'Sekolah Aplikasi B+'!$Q$5:$Q1700,'Sekolah Aplikasi B+'!$R$5:$R1700,"BELUM UPLOAD")} -> 20302174 | D8: =IFERROR(__xludf.DUMMYFUNCTION("""COMPUTED_VALUE"""),3.0) -> 3 | E8: =IFERROR(__xludf.DUMMYFUNCTION("""COMPUTED_VALUE"""),46247.0) -> 46247 | F8: =IFERROR(__xludf.DUMMYFUNCTION("""COMPUTED_VALUE"""),"PO6A7D702722CC2") -> PO6A7D702722CC2 | G8: =IFERROR(__xludf.DUMMYFUNCTION("""COMPUTED_VALUE"""),"SMA NEGERI 1 RAWALO") -> SMA NEGERI 1 RAWALO | H8: =IFERROR(__xludf.DUMMYFUNCTION("""COMPUTED_VALUE"""),"Kab. Banyumas, Prov. Jawa Tengah") -> Kab. Banyumas, Prov. Jawa Tengah | I8: =IFERROR(__xludf.DUMMYFUNCTION("""COMPUTED_VALUE"""),16.0) -> 16 | J8: =IFERROR(__xludf.DUMMYFUNCTION("""COMPUTED_VALUE"""),4.08E7) -> 40800000 | K8: =IFERROR(__xludf.DUMMYFUNCTION("""COMPUTED_VALUE"""),4.08E7) -> 40800000 | L8: =IFERROR(__xludf.DUMMYFUNCTION("""COMPUTED_VALUE"""),4043248.0) -> 4043248 | M8: =IFERROR(__xludf.DUMMYFUNCTION("""COMPUTED_VALUE"""),183783.0) -> 183783 | N8: =IFERROR(__xludf.DUMMYFUNCTION("""COMPUTED_VALUE"""),10000.0) -> 10000 | O8: =IFERROR(__xludf.DUMMYFUNCTION("""COMPUTED_VALUE"""),3.6562969E7) -> 36562969 | P8: =IFERROR(__xludf.DUMMYFUNCTION("""COMPUTED_VALUE"""),"Toko Ladang") -> Toko Ladang | Q8: =IFERROR(__xludf.DUMMYFUNCTION("""COMPUTED_VALUE"""),"Pembayaran Diteruskan") -> Pembayaran Diteruskan | R8: =IFERROR(__xludf.DUMMYFUNCTION("""COMPUTED_VALUE"""),46248.59956018518) -> 46248.6 | S8: =IFERROR(__xludf.DUMMYFUNCTION("""COMPUTED_VALUE"""),"11282361/INV/PO6A7D702722CC2") -> 11282361/INV/PO6A7D702722CC2 | T8: =IFERROR(__xludf.DUMMYFUNCTION("""COMPUTED_VALUE"""),"PE-BYM-03") -> PE-BYM-03 | U8: =IFERROR(__xludf.DUMMYFUNCTION("""COMPUTED_VALUE"""),"11010202.2026.08.00001") -> 11010202.2026.08.00001 | W8: =IFERROR(__xludf.DUMMYFUNCTION("""COMPUTED_VALUE"""),3.66665E7) -> 36666500 | X8: =LEFT(H8,(LEN(H8)-19)) -> Kab. Banyumas
A9: SMAN 2 Klaten | C9: {=_xlfn.XLOOKUP(G9,'Sekolah Aplikasi B+'!$Q$5:$Q1700,'Sekolah Aplikasi B+'!$R$5:$R1700,"BELUM UPLOAD")} -> 20300730 | D9: =IFERROR(__xludf.DUMMYFUNCTION("""COMPUTED_VALUE"""),4.0) -> 4 | E9: =IFERROR(__xludf.DUMMYFUNCTION("""COMPUTED_VALUE"""),46252.0) -> 46252 | F9: =IFERROR(__xludf.DUMMYFUNCTION("""COMPUTED_VALUE"""),"PO6A8406DE58154") -> PO6A8406DE58154 | G9: =IFERROR(__xludf.DUMMYFUNCTION("""COMPUTED_VALUE"""),"SMA NEGERI 1 SAMPANG") -> SMA NEGERI 1 SAMPANG | H9: =IFERROR(__xludf.DUMMYFUNCTION("""COMPUTED_VALUE"""),"Kab. Cilacap, Prov. Jawa Tengah") -> Kab. Cilacap, Prov. Jawa Tengah | I9: =IFERROR(__xludf.DUMMYFUNCTION("""COMPUTED_VALUE"""),1.0) -> 1 | J9: =IFERROR(__xludf.DUMMYFUNCTION("""COMPUTED_VALUE"""),7631250.0) -> 7631250 | K9: =IFERROR(__xludf.DUMMYFUNCTION("""COMPUTED_VALUE"""),7631250.0) -> 7631250 | L9: =IFERROR(__xludf.DUMMYFUNCTION("""COMPUTED_VALUE"""),756250.0) -> 756250 | M9: =IFERROR(__xludf.DUMMYFUNCTION("""COMPUTED_VALUE"""),34375.0) -> 34375 | N9: =IFERROR(__xludf.DUMMYFUNCTION("""COMPUTED_VALUE"""),10000.0) -> 10000 | O9: =IFERROR(__xludf.DUMMYFUNCTION("""COMPUTED_VALUE"""),6830625.0) -> 6830625 | P9: =IFERROR(__xludf.DUMMYFUNCTION("""COMPUTED_VALUE"""),"Toko Ladang") -> Toko Ladang | Q9: =IFERROR(__xludf.DUMMYFUNCTION("""COMPUTED_VALUE"""),"Pembayaran Diteruskan") -> Pembayaran Diteruskan | R9: =IFERROR(__xludf.DUMMYFUNCTION("""COMPUTED_VALUE"""),46255.61935185185) -> 46255.619 | S9: =IFERROR(__xludf.DUMMYFUNCTION("""COMPUTED_VALUE"""),"11360232/INV/PO6A8406DE58154") -> 11360232/INV/PO6A8406DE58154 | T9: =IFERROR(__xludf.DUMMYFUNCTION("""COMPUTED_VALUE"""),"PE-CLCP-05") -> PE-CLCP-05 | U9: =IFERROR(__xludf.DUMMYFUNCTION("""COMPUTED_VALUE"""),"11010202.2026.08.00006") -> 11010202.2026.08.00006 | W9: =IFERROR(__xludf.DUMMYFUNCTION("""COMPUTED_VALUE"""),6875000.0) -> 6875000 | X9: =LEFT(H9,(LEN(H9)-19)) -> Kab. Cilacap
A10: SMAN 3 Klaten | C10: {=_xlfn.XLOOKUP(G10,'Sekolah Aplikasi B+'!$Q$5:$Q1700,'Sekolah Aplikasi B+'!$R$5:$R1700,"BELUM UPLOAD")} -> 20313028 | D10: =IFERROR(__xludf.DUMMYFUNCTION("""COMPUTED_VALUE"""),5.0) -> 5 | E10: =IFERROR(__xludf.DUMMYFUNCTION("""COMPUTED_VALUE"""),46252.0) -> 46252 | F10: =IFERROR(__xludf.DUMMYFUNCTION("""COMPUTED_VALUE"""),"PO6A84168ED3C28") -> PO6A84168ED3C28 | G10: =IFERROR(__xludf.DUMMYFUNCTION("""COMPUTED_VALUE"""),"SMA NEGERI 2 SRAGEN") -> SMA NEGERI 2 SRAGEN | H10: =IFERROR(__xludf.DUMMYFUNCTION("""COMPUTED_VALUE"""),"Kab. Sragen, Prov. Jawa Tengah") -> Kab. Sragen, Prov. Jawa Tengah | I10: =IFERROR(__xludf.DUMMYFUNCTION("""COMPUTED_VALUE"""),1.0) -> 1 | J10: =IFERROR(__xludf.DUMMYFUNCTION("""COMPUTED_VALUE"""),2.29165E7) -> 22916500 | K10: =IFERROR(__xludf.DUMMYFUNCTION("""COMPUTED_VALUE"""),2.29165E7) -> 22916500 | L10: =IFERROR(__xludf.DUMMYFUNCTION("""COMPUTED_VALUE"""),2271005.0) -> 2271005 | M10: =IFERROR(__xludf.DUMMYFUNCTION("""COMPUTED_VALUE"""),103227.0) -> 103227 | N10: =IFERROR(__xludf.DUMMYFUNCTION("""COMPUTED_VALUE"""),10000.0) -> 10000 | O10: =IFERROR(__xludf.DUMMYFUNCTION("""COMPUTED_VALUE"""),2.0532268E7) -> 20532268 | P10: =IFERROR(__xludf.DUMMYFUNCTION("""COMPUTED_VALUE"""),"Toko Ladang") -> Toko Ladang | Q10: =IFERROR(__xludf.DUMMYFUNCTION("""COMPUTED_VALUE"""),"Pembayaran Diteruskan") -> Pembayaran Diteruskan | R10: =IFERROR(__xludf.DUMMYFUNCTION("""COMPUTED_VALUE"""),46261.48452546296) -> 46261.485 | S10: =IFERROR(__xludf.DUMMYFUNCTION("""COMPUTED_VALUE"""),"11362965/INV/PO6A84168ED3C28") -> 11362965/INV/PO6A84168ED3C28 | T10: =IFERROR(__xludf.DUMMYFUNCTION("""COMPUTED_VALUE"""),"PE-SRG-03") -> PE-SRG-03 | U10: =IFERROR(__xludf.DUMMYFUNCTION("""COMPUTED_VALUE"""),"11010202.2026.08.00007") -> 11010202.2026.08.00007 | W10: =IFERROR(__xludf.DUMMYFUNCTION("""COMPUTED_VALUE"""),2.29165E7) -> 22916500 | X10: =LEFT(H10,(LEN(H10)-19)) -> Kab. Sragen
A11: SMAN 1 Sragi | C11: {=_xlfn.XLOOKUP(G11,'Sekolah Aplikasi B+'!$Q$5:$Q1700,'Sekolah Aplikasi B+'!$R$5:$R1700,"BELUM UPLOAD")} -> 70039865 | D11: =IFERROR(__xludf.DUMMYFUNCTION("""COMPUTED_VALUE"""),6.0) -> 6 | E11: =IFERROR(__xludf.DUMMYFUNCTION("""COMPUTED_VALUE"""),46253.0) -> 46253 | F11: =IFERROR(__xludf.DUMMYFUNCTION("""COMPUTED_VALUE"""),"PO6A8526E85028C") -> PO6A8526E85028C | G11: =IFERROR(__xludf.DUMMYFUNCTION("""COMPUTED_VALUE"""),"SMA NEGERI 9 SURAKARTA") -> SMA NEGERI 9 SURAKARTA | H11: =IFERROR(__xludf.DUMMYFUNCTION("""COMPUTED_VALUE"""),"Kota Surakarta, Prov. Jawa Tengah") -> Kota Surakarta, Prov. Jawa Tengah | I11: =IFERROR(__xludf.DUMMYFUNCTION("""COMPUTED_VALUE"""),1.0) -> 1 | J11: =IFERROR(__xludf.DUMMYFUNCTION("""COMPUTED_VALUE"""),1.2718935E7) -> 12718935 | K11: =IFERROR(__xludf.DUMMYFUNCTION("""COMPUTED_VALUE"""),1.2718935E7) -> 12718935 | L11: =IFERROR(__xludf.DUMMYFUNCTION("""COMPUTED_VALUE"""),1260435.0) -> 1260435 | M11: =IFERROR(__xludf.DUMMYFUNCTION("""COMPUTED_VALUE"""),57292.0) -> 57292 | N11: =IFERROR(__xludf.DUMMYFUNCTION("""COMPUTED_VALUE"""),10000.0) -> 10000 | O11: =IFERROR(__xludf.DUMMYFUNCTION("""COMPUTED_VALUE"""),1.1391208E7) -> 11391208 | P11: =IFERROR(__xludf.DUMMYFUNCTION("""COMPUTED_VALUE"""),"Toko Ladang") -> Toko Ladang | Q11: =IFERROR(__xludf.DUMMYFUNCTION("""COMPUTED_VALUE"""),"Pembayaran Diteruskan") -> Pembayaran Diteruskan | R11: =IFERROR(__xludf.DUMMYFUNCTION("""COMPUTED_VALUE"""),46254.57146990741) -> 46254.571 | S11: =IFERROR(__xludf.DUMMYFUNCTION("""COMPUTED_VALUE"""),"11384436/INV/PO6A8526E85028C") -> 11384436/INV/PO6A8526E85028C | T11: =IFERROR(__xludf.DUMMYFUNCTION("""COMPUTED_VALUE"""),"PE-SKA-08") -> PE-SKA-08 | U11: =IFERROR(__xludf.DUMMYFUNCTION("""COMPUTED_VALUE"""),"11010202.2026.08.00005") -> 11010202.2026.08.00005 | W11: =IFERROR(__xludf.DUMMYFUNCTION("""COMPUTED_VALUE"""),1.14585E7) -> 11458500 | X11: =LEFT(H11,(LEN(H11)-19)) -> Kota Surakarta
A12: SMAN 3 Surakarta | C12: {=_xlfn.XLOOKUP(G12,'Sekolah Aplikasi B+'!$Q$5:$Q1700,'Sekolah Aplikasi B+'!$R$5:$R1700,"BELUM UPLOAD")} -> 20321834 | D12: =IFERROR(__xludf.DUMMYFUNCTION("""COMPUTED_VALUE"""),7.0) -> 7 | E12: =IFERROR(__xludf.DUMMYFUNCTION("""COMPUTED_VALUE"""),46254.0) -> 46254 | F12: =IFERROR(__xludf.DUMMYFUNCTION("""COMPUTED_VALUE"""),"PO6A8678D8455D4") -> PO6A8678D8455D4 | G12: =IFERROR(__xludf.DUMMYFUNCTION("""COMPUTED_VALUE"""),"SMA NEGERI 1 WELERI") -> SMA NEGERI 1 WELERI | H12: =IFERROR(__xludf.DUMMYFUNCTION("""COMPUTED_VALUE"""),"Kab. Kendal, Prov. Jawa Tengah") -> Kab. Kendal, Prov. Jawa Tengah | I12: =IFERROR(__xludf.DUMMYFUNCTION("""COMPUTED_VALUE"""),1.0) -> 1 | J12: =IFERROR(__xludf.DUMMYFUNCTION("""COMPUTED_VALUE"""),2.289375E7) -> 22893750 | K12: =IFERROR(__xludf.DUMMYFUNCTION("""COMPUTED_VALUE"""),2.289375E7) -> 22893750 | L12: =IFERROR(__xludf.DUMMYFUNCTION("""COMPUTED_VALUE"""),2268750.0) -> 2268750 | M12: =IFERROR(__xludf.DUMMYFUNCTION("""COMPUTED_VALUE"""),103125.0) -> 103125 | N12: =IFERROR(__xludf.DUMMYFUNCTION("""COMPUTED_VALUE"""),10000.0) -> 10000 | O12: =IFERROR(__xludf.DUMMYFUNCTION("""COMPUTED_VALUE"""),2.0511875E7) -> 20511875 | P12: =IFERROR(__xludf.DUMMYFUNCTION("""COMPUTED_VALUE"""),"Toko Ladang") -> Toko Ladang | Q12: =IFERROR(__xludf.DUMMYFUNCTION("""COMPUTED_VALUE"""),"Pembayaran Diteruskan") -> Pembayaran Diteruskan | R12: =IFERROR(__xludf.DUMMYFUNCTION("""COMPUTED_VALUE"""),46255.45579861111) -> 46255.456 | S12: =IFERROR(__xludf.DUMMYFUNCTION("""COMPUTED_VALUE"""),"11415816/INV/PO6A8678D8455D4") -> 11415816/INV/PO6A8678D8455D4 | T12: =IFERROR(__xludf.DUMMYFUNCTION("""COMPUTED_VALUE"""),"PE-KNDL-01") -> PE-KNDL-01 | U12: =IFERROR(__xludf.DUMMYFUNCTION("""COMPUTED_VALUE"""),"11010202.2026.08.00004") -> 11010202.2026.08.00004 | W12: =IFERROR(__xludf.DUMMYFUNCTION("""COMPUTED_VALUE"""),2.0625E7) -> 20625000 | X12: =LEFT(H12,(LEN(H12)-19)) -> Kab. Kendal
A13: SMAN 1 Purwokerto | C13: {=_xlfn.XLOOKUP(G13,'Sekolah Aplikasi B+'!$Q$5:$Q1700,'Sekolah Aplikasi B+'!$R$5:$R1700,"BELUM UPLOAD")} -> 20309690 | D13: =IFERROR(__xludf.DUMMYFUNCTION("""COMPUTED_VALUE"""),8.0) -> 8 | E13: =IFERROR(__xludf.DUMMYFUNCTION("""COMPUTED_VALUE"""),46254.0) -> 46254 | F13: =IFERROR(__xludf.DUMMYFUNCTION("""COMPUTED_VALUE"""),"PO6A868882091D8") -> PO6A868882091D8 | G13: =IFERROR(__xludf.DUMMYFUNCTION("""COMPUTED_VALUE"""),"SMA NEGERI 3 KLATEN") -> SMA NEGERI 3 KLATEN | H13: =IFERROR(__xludf.DUMMYFUNCTION("""COMPUTED_VALUE"""),"Kab. Klaten, Prov. Jawa Tengah") -> Kab. Klaten, Prov. Jawa Tengah | I13: =IFERROR(__xludf.DUMMYFUNCTION("""COMPUTED_VALUE"""),1.0) -> 1 | J13: =IFERROR(__xludf.DUMMYFUNCTION("""COMPUTED_VALUE"""),2.5437315E7) -> 25437315 | K13: =IFERROR(__xludf.DUMMYFUNCTION("""COMPUTED_VALUE"""),2.5437315E7) -> 25437315 | L13: =IFERROR(__xludf.DUMMYFUNCTION("""COMPUTED_VALUE"""),2520815.0) -> 2520815 | M13: =IFERROR(__xludf.DUMMYFUNCTION("""COMPUTED_VALUE"""),114582.0) -> 114582 | N13: =IFERROR(__xludf.DUMMYFUNCTION("""COMPUTED_VALUE"""),10000.0) -> 10000 | O13: =IFERROR(__xludf.DUMMYFUNCTION("""COMPUTED_VALUE"""),2.2791918E7) -> 22791918 | P13: =IFERROR(__xludf.DUMMYFUNCTION("""COMPUTED_VALUE"""),"Toko Ladang") -> Toko Ladang | Q13: =IFERROR(__xludf.DUMMYFUNCTION("""COMPUTED_VALUE"""),"Pembayaran Diteruskan") -> Pembayaran Diteruskan | R13: =IFERROR(__xludf.DUMMYFUNCTION("""COMPUTED_VALUE"""),46265.48923611111) -> 46265.489 | S13: =IFERROR(__xludf.DUMMYFUNCTION("""COMPUTED_VALUE"""),"11419867/INV/PO6A868882091D8") -> 11419867/INV/PO6A868882091D8 | T13: =IFERROR(__xludf.DUMMYFUNCTION("""COMPUTED_VALUE"""),"PE-KLT-03") -> PE-KLT-03 | U13: =IFERROR(__xludf.DUMMYFUNCTION("""COMPUTED_VALUE"""),"11010202.2026.08.00014") -> 11010202.2026.08.00014 | W13: =IFERROR(__xludf.DUMMYFUNCTION("""COMPUTED_VALUE"""),2.29165E7) -> 22916500 | X13: =LEFT(H13,(LEN(H13)-19)) -> Kab. Klaten
A14: SMAN 2 Purbalingga | C14: {=_xlfn.XLOOKUP(G14,'Sekolah Aplikasi B+'!$Q$5:$Q1700,'Sekolah Aplikasi B+'!$R$5:$R1700,"BELUM UPLOAD")} -> 20320241 | D14: =IFERROR(__xludf.DUMMYFUNCTION("""COMPUTED_VALUE"""),9.0) -> 9 | E14: =IFERROR(__xludf.DUMMYFUNCTION("""COMPUTED_VALUE"""),46254.0) -> 46254 | F14: =IFERROR(__xludf.DUMMYFUNCTION("""COMPUTED_VALUE"""),"PO6A86AE9FCFE14") -> PO6A86AE9FCFE14 | G14: =IFERROR(__xludf.DUMMYFUNCTION("""COMPUTED_VALUE"""),"SMA NEGERI 2 UNGARAN") -> SMA NEGERI 2 UNGARAN | H14: =IFERROR(__xludf.DUMMYFUNCTION("""COMPUTED_VALUE"""),"Kab. Semarang, Prov. Jawa Tengah") -> Kab. Semarang, Prov. Jawa Tengah | I14: =IFERROR(__xludf.DUMMYFUNCTION("""COMPUTED_VALUE"""),1.0) -> 1 | J14: =IFERROR(__xludf.DUMMYFUNCTION("""COMPUTED_VALUE"""),6.105E7) -> 61050000 | K14: =IFERROR(__xludf.DUMMYFUNCTION("""COMPUTED_VALUE"""),6.105E7) -> 61050000 | L14: =IFERROR(__xludf.DUMMYFUNCTION("""COMPUTED_VALUE"""),6050000.0) -> 6050000 | M14: =IFERROR(__xludf.DUMMYFUNCTION("""COMPUTED_VALUE"""),275000.0) -> 275000 | N14: =IFERROR(__xludf.DUMMYFUNCTION("""COMPUTED_VALUE"""),10000.0) -> 10000 | O14: =IFERROR(__xludf.DUMMYFUNCTION("""COMPUTED_VALUE"""),5.4715E7) -> 54715000 | P14: =IFERROR(__xludf.DUMMYFUNCTION("""COMPUTED_VALUE"""),"Toko Ladang") -> Toko Ladang | Q14: =IFERROR(__xludf.DUMMYFUNCTION("""COMPUTED_VALUE"""),"Pembayaran Diteruskan") -> Pembayaran Diteruskan | R14: =IFERROR(__xludf.DUMMYFUNCTION("""COMPUTED_VALUE"""),46274.47237268519) -> 46274.472 | S14: =IFERROR(__xludf.DUMMYFUNCTION("""COMPUTED_VALUE"""),"11426639/INV/PO6A86AE9FCFE14") -> 11426639/INV/PO6A86AE9FCFE14 | T14: =IFERROR(__xludf.DUMMYFUNCTION("""COMPUTED_VALUE"""),"PE-SMG-02") -> PE-SMG-02 | U14: =IFERROR(__xludf.DUMMYFUNCTION("""COMPUTED_VALUE"""),"11010202.2026.09.00013") -> 11010202.2026.09.00013 | W14: =IFERROR(__xludf.DUMMYFUNCTION("""COMPUTED_VALUE"""),5.5E7) -> 55000000 | X14: =LEFT(H14,(LEN(H14)-19)) -> Kab. Semarang
A15: SMAN 1 REMBANG | C15: {=_xlfn.XLOOKUP(G15,'Sekolah Aplikasi B+'!$Q$5:$Q1700,'Sekolah Aplikasi B+'!$R$5:$R1700,"BELUM UPLOAD")} -> 20303248 | D15: =IFERROR(__xludf.DUMMYFUNCTION("""COMPUTED_VALUE"""),10.0) -> 10 | E15: =IFERROR(__xludf.DUMMYFUNCTION("""COMPUTED_VALUE"""),46255.0) -> 46255 | F15: =IFERROR(__xludf.DUMMYFUNCTION("""COMPUTED_VALUE"""),"PO6A87BAD1B036D") -> PO6A87BAD1B036D | G15: =IFERROR(__xludf.DUMMYFUNCTION("""COMPUTED_VALUE"""),"SMA NEGERI 1 REMBANG") -> SMA NEGERI 1 REMBANG | H15: =IFERROR(__xludf.DUMMYFUNCTION("""COMPUTED_VALUE"""),"Kab. Purbalingga, Prov. Jawa Tengah") -> Kab. Purbalingga, Prov. Jawa Tengah | I15: =IFERROR(__xludf.DUMMYFUNCTION("""COMPUTED_VALUE"""),1.0) -> 1 | J15: =IFERROR(__xludf.DUMMYFUNCTION("""COMPUTED_VALUE"""),4.0699815E7) -> 40699815 | K15: =IFERROR(__xludf.DUMMYFUNCTION("""COMPUTED_VALUE"""),4.0699815E7) -> 40699815 | L15: =IFERROR(__xludf.DUMMYFUNCTION("""COMPUTED_VALUE"""),4033315.0) -> 4033315 | M15: =IFERROR(__xludf.DUMMYFUNCTION("""COMPUTED_VALUE"""),183332.0) -> 183332 | N15: =IFERROR(__xludf.DUMMYFUNCTION("""COMPUTED_VALUE"""),10000.0) -> 10000 | O15: =IFERROR(__xludf.DUMMYFUNCTION("""COMPUTED_VALUE"""),3.6473168E7) -> 36473168 | P15: =IFERROR(__xludf.DUMMYFUNCTION("""COMPUTED_VALUE"""),"Toko Ladang") -> Toko Ladang | Q15: =IFERROR(__xludf.DUMMYFUNCTION("""COMPUTED_VALUE"""),"Pembayaran Diteruskan") -> Pembayaran Diteruskan | R15: =IFERROR(__xludf.DUMMYFUNCTION("""COMPUTED_VALUE"""),46267.482881944445) -> 46267.483 | S15: =IFERROR(__xludf.DUMMYFUNCTION("""COMPUTED_VALUE"""),"11443653/INV/PO6A87BAD1B036D") -> 11443653/INV/PO6A87BAD1B036D | T15: =IFERROR(__xludf.DUMMYFUNCTION("""COMPUTED_VALUE"""),"PE-PBG-03") -> PE-PBG-03 | U15: =IFERROR(__xludf.DUMMYFUNCTION("""COMPUTED_VALUE"""),"11010202.2026.09.00001") -> 11010202.2026.09.00001 | W15: =IFERROR(__xludf.DUMMYFUNCTION("""COMPUTED_VALUE"""),3.66665E7) -> 36666500 | X15: =LEFT(H15,(LEN(H15)-19)) -> Kab. Purbalingga
A16: SMAN 1 KUTASARI | C16: {=_xlfn.XLOOKUP(G16,'Sekolah Aplikasi B+'!$Q$5:$Q1700,'Sekolah Aplikasi B+'!$R$5:$R1700,"BELUM UPLOAD")} -> 20306190 | D16: =IFERROR(__xludf.DUMMYFUNCTION("""COMPUTED_VALUE"""),11.0) -> 11 | E16: =IFERROR(__xludf.DUMMYFUNCTION("""COMPUTED_VALUE"""),46255.0) -> 46255 | F16: =IFERROR(__xludf.DUMMYFUNCTION("""COMPUTED_VALUE"""),"PO6A87C91112065") -> PO6A87C91112065 | G16: =IFERROR(__xludf.DUMMYFUNCTION("""COMPUTED_VALUE"""),"SMA NEGERI 10 PURWOREJO") -> SMA NEGERI 10 PURWOREJO | H16: =IFERROR(__xludf.DUMMYFUNCTION("""COMPUTED_VALUE"""),"Kab. Purworejo, Prov. Jawa Tengah") -> Kab. Purworejo, Prov. Jawa Tengah | I16: =IFERROR(__xludf.DUMMYFUNCTION("""COMPUTED_VALUE"""),1.0) -> 1 | J16: =IFERROR(__xludf.DUMMYFUNCTION("""COMPUTED_VALUE"""),1.7806065E7) -> 17806065 | K16: =IFERROR(__xludf.DUMMYFUNCTION("""COMPUTED_VALUE"""),1.7806065E7) -> 17806065 | L16: =IFERROR(__xludf.DUMMYFUNCTION("""COMPUTED_VALUE"""),1764565.0) -> 1764565 | M16: =IFERROR(__xludf.DUMMYFUNCTION("""COMPUTED_VALUE"""),80207.0) -> 80207 | N16: =IFERROR(__xludf.DUMMYFUNCTION("""COMPUTED_VALUE"""),10000.0) -> 10000 | O16: =IFERROR(__xludf.DUMMYFUNCTION("""COMPUTED_VALUE"""),1.5951293E7) -> 15951293 | P16: =IFERROR(__xludf.DUMMYFUNCTION("""COMPUTED_VALUE"""),"Toko Ladang") -> Toko Ladang | Q16: =IFERROR(__xludf.DUMMYFUNCTION("""COMPUTED_VALUE"""),"Pembayaran Diteruskan") -> Pembayaran Diteruskan | R16: =IFERROR(__xludf.DUMMYFUNCTION("""COMPUTED_VALUE"""),46269.59118055556) -> 46269.591 | S16: =IFERROR(__xludf.DUMMYFUNCTION("""COMPUTED_VALUE"""),"11446948/INV/PO6A87C91112065") -> 11446948/INV/PO6A87C91112065 | T16: =IFERROR(__xludf.DUMMYFUNCTION("""COMPUTED_VALUE"""),"PE-PWJ-01") -> PE-PWJ-01 | U16: =IFERROR(__xludf.DUMMYFUNCTION("""COMPUTED_VALUE"""),"11010202.2026.09.00003") -> 11010202.2026.09.00003 | W16: =IFERROR(__xludf.DUMMYFUNCTION("""COMPUTED_VALUE"""),1.60415E7) -> 16041500 | X16: =LEFT(H16,(LEN(H16)-19)) -> Kab. Purworejo
A17: SMAN 1 BOBOTSARI | C17: {=_xlfn.XLOOKUP(G17,'Sekolah Aplikasi B+'!$Q$5:$Q1700,'Sekolah Aplikasi B+'!$R$5:$R1700,"BELUM UPLOAD")} -> 20328910 | D17: =IFERROR(__xludf.DUMMYFUNCTION("""COMPUTED_VALUE"""),12.0) -> 12 | E17: =IFERROR(__xludf.DUMMYFUNCTION("""COMPUTED_VALUE"""),46255.0) -> 46255 | F17: =IFERROR(__xludf.DUMMYFUNCTION("""COMPUTED_VALUE"""),"PO6A87E8E3D05B3") -> PO6A87E8E3D05B3 | G17: =IFERROR(__xludf.DUMMYFUNCTION("""COMPUTED_VALUE"""),"SMA NEGERI 13 SEMARANG") -> SMA NEGERI 13 SEMARANG | H17: =IFERROR(__xludf.DUMMYFUNCTION("""COMPUTED_VALUE"""),"Kota Semarang, Prov. Jawa Tengah") -> Kota Semarang, Prov. Jawa Tengah | I17: =IFERROR(__xludf.DUMMYFUNCTION("""COMPUTED_VALUE"""),1.0) -> 1 | J17: =IFERROR(__xludf.DUMMYFUNCTION("""COMPUTED_VALUE"""),1.0174815E7) -> 10174815 | K17: =IFERROR(__xludf.DUMMYFUNCTION("""COMPUTED_VALUE"""),1.0174815E7) -> 10174815 | L17: =IFERROR(__xludf.DUMMYFUNCTION("""COMPUTED_VALUE"""),1008315.0) -> 1008315 | M17: =IFERROR(__xludf.DUMMYFUNCTION("""COMPUTED_VALUE"""),45832.0) -> 45832 | N17: =IFERROR(__xludf.DUMMYFUNCTION("""COMPUTED_VALUE"""),10000.0) -> 10000 | O17: =IFERROR(__xludf.DUMMYFUNCTION("""COMPUTED_VALUE"""),9110668.0) -> 9110668 | P17: =IFERROR(__xludf.DUMMYFUNCTION("""COMPUTED_VALUE"""),"Toko Ladang") -> Toko Ladang | Q17: =IFERROR(__xludf.DUMMYFUNCTION("""COMPUTED_VALUE"""),"Pembayaran Diteruskan") -> Pembayaran Diteruskan | R17: =IFERROR(__xludf.DUMMYFUNCTION("""COMPUTED_VALUE"""),46265.60508101852) -> 46265.605 | S17: =IFERROR(__xludf.DUMMYFUNCTION("""COMPUTED_VALUE"""),"11451512/INV/PO6A87E8E3D05B3") -> 11451512/INV/PO6A87E8E3D05B3 | T17: =IFERROR(__xludf.DUMMYFUNCTION("""COMPUTED_VALUE"""),"PE-SMG-07") -> PE-SMG-07 | U17: =IFERROR(__xludf.DUMMYFUNCTION("""COMPUTED_VALUE"""),"11010202.2026.08.00015") -> 11010202.2026.08.00015 | W17: =IFERROR(__xludf.DUMMYFUNCTION("""COMPUTED_VALUE"""),9166500.0) -> 9166500 | X17: =LEFT(H17,(LEN(H17)-19)) -> Kota Semarang
A18: SMAN 1 KARANGREJA | C18: {=_xlfn.XLOOKUP(G18,'Sekolah Aplikasi B+'!$Q$5:$Q1700,'Sekolah Aplikasi B+'!$R$5:$R1700,"BELUM UPLOAD")} -> 20303984 | D18: =IFERROR(__xludf.DUMMYFUNCTION("""COMPUTED_VALUE"""),13.0) -> 13 | E18: =IFERROR(__xludf.DUMMYFUNCTION("""COMPUTED_VALUE"""),46256.0) -> 46256 | F18: =IFERROR(__xludf.DUMMYFUNCTION("""COMPUTED_VALUE"""),"PO6A87F494EDC38") -> PO6A87F494EDC38 | G18: =IFERROR(__xludf.DUMMYFUNCTION("""COMPUTED_VALUE"""),"SMA NEGERI 1 KARANGKOBAR") -> SMA NEGERI 1 KARANGKOBAR | H18: =IFERROR(__xludf.DUMMYFUNCTION("""COMPUTED_VALUE"""),"Kab. Banjarnegara, Prov. Jawa Tengah") -> Kab. Banjarnegara, Prov. Jawa Tengah | I18: =IFERROR(__xludf.DUMMYFUNCTION("""COMPUTED_VALUE"""),1.0) -> 1 | J18: =IFERROR(__xludf.DUMMYFUNCTION("""COMPUTED_VALUE"""),2.5437315E7) -> 25437315 | K18: =IFERROR(__xludf.DUMMYFUNCTION("""COMPUTED_VALUE"""),2.5437315E7) -> 25437315 | L18: =IFERROR(__xludf.DUMMYFUNCTION("""COMPUTED_VALUE"""),2520815.0) -> 2520815 | M18: =IFERROR(__xludf.DUMMYFUNCTION("""COMPUTED_VALUE"""),114582.0) -> 114582 | N18: =IFERROR(__xludf.DUMMYFUNCTION("""COMPUTED_VALUE"""),10000.0) -> 10000 | O18: =IFERROR(__xludf.DUMMYFUNCTION("""COMPUTED_VALUE"""),2.2791918E7) -> 22791918 | P18: =IFERROR(__xludf.DUMMYFUNCTION("""COMPUTED_VALUE"""),"Toko Ladang") -> Toko Ladang | Q18: =IFERROR(__xludf.DUMMYFUNCTION("""COMPUTED_VALUE"""),"Pembayaran Diteruskan") -> Pembayaran Diteruskan | R18: =IFERROR(__xludf.DUMMYFUNCTION("""COMPUTED_VALUE"""),46261.48452546296) -> 46261.485 | S18: =IFERROR(__xludf.DUMMYFUNCTION("""COMPUTED_VALUE"""),"11452905/INV/PO6A87F494EDC38") -> 11452905/INV/PO6A87F494EDC38 | T18: =IFERROR(__xludf.DUMMYFUNCTION("""COMPUTED_VALUE"""),"PE-BJR-02") -> PE-BJR-02 | U18: =IFERROR(__xludf.DUMMYFUNCTION("""COMPUTED_VALUE"""),"11010202.2026.08.00008") -> 11010202.2026.08.00008 | W18: =IFERROR(__xludf.DUMMYFUNCTION("""COMPUTED_VALUE"""),2.29165E7) -> 22916500 | X18: =LEFT(H18,(LEN(H18)-19)) -> Kab. Banjarnegara
A19: SMAN 1 KEMANGKON | C19: {=_xlfn.XLOOKUP(G19,'Sekolah Aplikasi B+'!$Q$5:$Q1700,'Sekolah Aplikasi B+'!$R$5:$R1700,"BELUM UPLOAD")} -> 20306202 | D19: =IFERROR(__xludf.DUMMYFUNCTION("""COMPUTED_VALUE"""),14.0) -> 14 | E19: =IFERROR(__xludf.DUMMYFUNCTION("""COMPUTED_VALUE"""),46256.0) -> 46256 | F19: =IFERROR(__xludf.DUMMYFUNCTION("""COMPUTED_VALUE"""),"PO6A8915E166A38") -> PO6A8915E166A38 | G19: =IFERROR(__xludf.DUMMYFUNCTION("""COMPUTED_VALUE"""),"SMA NEGERI 1 PURWOREJO") -> SMA NEGERI 1 PURWOREJO | H19: =IFERROR(__xludf.DUMMYFUNCTION("""COMPUTED_VALUE"""),"Kab. Purworejo, Prov. Jawa Tengah") -> Kab. Purworejo, Prov. Jawa Tengah | I19: =IFERROR(__xludf.DUMMYFUNCTION("""COMPUTED_VALUE"""),1.0) -> 1 | J19: =IFERROR(__xludf.DUMMYFUNCTION("""COMPUTED_VALUE"""),2.7981435E7) -> 27981435 | K19: =IFERROR(__xludf.DUMMYFUNCTION("""COMPUTED_VALUE"""),2.7981435E7) -> 27981435 | L19: =IFERROR(__xludf.DUMMYFUNCTION("""COMPUTED_VALUE"""),2772935.0) -> 2772935 | M19: =IFERROR(__xludf.DUMMYFUNCTION("""COMPUTED_VALUE"""),126042.0) -> 126042 | N19: =IFERROR(__xludf.DUMMYFUNCTION("""COMPUTED_VALUE"""),10000.0) -> 10000 | O19: =IFERROR(__xludf.DUMMYFUNCTION("""COMPUTED_VALUE"""),2.5072458E7) -> 25072458 | P19: =IFERROR(__xludf.DUMMYFUNCTION("""COMPUTED_VALUE"""),"Toko Ladang") -> Toko Ladang | Q19: =IFERROR(__xludf.DUMMYFUNCTION("""COMPUTED_VALUE"""),"Pembayaran Diteruskan") -> Pembayaran Diteruskan | R19: =IFERROR(__xludf.DUMMYFUNCTION("""COMPUTED_VALUE"""),46262.618842592594) -> 46262.619 | S19: =IFERROR(__xludf.DUMMYFUNCTION("""COMPUTED_VALUE"""),"11466438/INV/PO6A8915E166A38") -> 11466438/INV/PO6A8915E166A38 | T19: =IFERROR(__xludf.DUMMYFUNCTION("""COMPUTED_VALUE"""),"PE-PWJ-02") -> PE-PWJ-02 | U19: =IFERROR(__xludf.DUMMYFUNCTION("""COMPUTED_VALUE"""),"11010202.2026.08.00010") -> 11010202.2026.08.00010 | W19: =IFERROR(__xludf.DUMMYFUNCTION("""COMPUTED_VALUE"""),2.52085E7) -> 25208500 | X19: =LEFT(H19,(LEN(H19)-19)) -> Kab. Purworejo
A20: SMAN 1 Surakarta | C20: {=_xlfn.XLOOKUP(G20,'Sekolah Aplikasi B+'!$Q$5:$Q1700,'Sekolah Aplikasi B+'!$R$5:$R1700,"BELUM UPLOAD")} -> 20322741 | D20: =IFERROR(__xludf.DUMMYFUNCTION("""COMPUTED_VALUE"""),15.0) -> 15 | E20: =IFERROR(__xludf.DUMMYFUNCTION("""COMPUTED_VALUE"""),46256.0) -> 46256 | F20: =IFERROR(__xludf.DUMMYFUNCTION("""COMPUTED_VALUE"""),"PO6A87F9E4443AA") -> PO6A87F9E4443AA | G20: =IFERROR(__xludf.DUMMYFUNCTION("""COMPUTED_VALUE"""),"SMA NEGERI 1 SUBAH") -> SMA NEGERI 1 SUBAH | H20: =IFERROR(__xludf.DUMMYFUNCTION("""COMPUTED_VALUE"""),"Kab. Batang, Prov. Jawa Tengah") -> Kab. Batang, Prov. Jawa Tengah | I20: =IFERROR(__xludf.DUMMYFUNCTION("""COMPUTED_VALUE"""),1.0) -> 1 | J20: =IFERROR(__xludf.DUMMYFUNCTION("""COMPUTED_VALUE"""),1.0174815E7) -> 10174815 | K20: =IFERROR(__xludf.DUMMYFUNCTION("""COMPUTED_VALUE"""),1.0174815E7) -> 10174815 | L20: =IFERROR(__xludf.DUMMYFUNCTION("""COMPUTED_VALUE"""),1008315.0) -> 1008315 | M20: =IFERROR(__xludf.DUMMYFUNCTION("""COMPUTED_VALUE"""),45832.0) -> 45832 | N20: =IFERROR(__xludf.DUMMYFUNCTION("""COMPUTED_VALUE"""),10000.0) -> 10000 | O20: =IFERROR(__xludf.DUMMYFUNCTION("""COMPUTED_VALUE"""),9110668.0) -> 9110668 | P20: =IFERROR(__xludf.DUMMYFUNCTION("""COMPUTED_VALUE"""),"Toko Ladang") -> Toko Ladang | Q20: =IFERROR(__xludf.DUMMYFUNCTION("""COMPUTED_VALUE"""),"Pembayaran Diteruskan") -> Pembayaran Diteruskan | R20: =IFERROR(__xludf.DUMMYFUNCTION("""COMPUTED_VALUE"""),46267.611655092594) -> 46267.612 | S20: =IFERROR(__xludf.DUMMYFUNCTION("""COMPUTED_VALUE"""),"11453581/INV/PO6A87F9E4443AA") -> 11453581/INV/PO6A87F9E4443AA | T20: =IFERROR(__xludf.DUMMYFUNCTION("""COMPUTED_VALUE"""),"PE-BTG-06") -> PE-BTG-06 | U20: =IFERROR(__xludf.DUMMYFUNCTION("""COMPUTED_VALUE"""),"11010202.2026.09.00008") -> 11010202.2026.09.00008 | W20: =IFERROR(__xludf.DUMMYFUNCTION("""COMPUTED_VALUE"""),9166500.0) -> 9166500 | X20: =LEFT(H20,(LEN(H20)-19)) -> Kab. Batang
A21: SMAN 6 Surakarta | C21: {=_xlfn.XLOOKUP(G21,'Sekolah Aplikasi B+'!$Q$5:$Q1700,'Sekolah Aplikasi B+'!$R$5:$R1700,"BELUM UPLOAD")} -> 20300596 | D21: =IFERROR(__xludf.DUMMYFUNCTION("""COMPUTED_VALUE"""),16.0) -> 16 | E21: =IFERROR(__xludf.DUMMYFUNCTION("""COMPUTED_VALUE"""),46258.0) -> 46258 | F21: =IFERROR(__xludf.DUMMYFUNCTION("""COMPUTED_VALUE"""),"PO6A8B97F7ABD60") -> PO6A8B97F7ABD60 | G21: =IFERROR(__xludf.DUMMYFUNCTION("""COMPUTED_VALUE"""),"SMA NEGERI 1 CIPARI") -> SMA NEGERI 1 CIPARI | H21: =IFERROR(__xludf.DUMMYFUNCTION("""COMPUTED_VALUE"""),"Kab. Cilacap, Prov. Jawa Tengah") -> Kab. Cilacap, Prov. Jawa Tengah | I21: =IFERROR(__xludf.DUMMYFUNCTION("""COMPUTED_VALUE"""),1.0) -> 1 | J21: =IFERROR(__xludf.DUMMYFUNCTION("""COMPUTED_VALUE"""),1.0174815E7) -> 10174815 | K21: =IFERROR(__xludf.DUMMYFUNCTION("""COMPUTED_VALUE"""),1.0174815E7) -> 10174815 | L21: =IFERROR(__xludf.DUMMYFUNCTION("""COMPUTED_VALUE"""),1008315.0) -> 1008315 | M21: =IFERROR(__xludf.DUMMYFUNCTION("""COMPUTED_VALUE"""),45832.0) -> 45832 | N21: =IFERROR(__xludf.DUMMYFUNCTION("""COMPUTED_VALUE"""),10000.0) -> 10000 | O21: =IFERROR(__xludf.DUMMYFUNCTION("""COMPUTED_VALUE"""),9110668.0) -> 9110668 | P21: =IFERROR(__xludf.DUMMYFUNCTION("""COMPUTED_VALUE"""),"Toko Ladang") -> Toko Ladang | Q21: =IFERROR(__xludf.DUMMYFUNCTION("""COMPUTED_VALUE"""),"Pembayaran Diteruskan") -> Pembayaran Diteruskan | R21: =IFERROR(__xludf.DUMMYFUNCTION("""COMPUTED_VALUE"""),46282.589479166665) -> 46282.589 | S21: =IFERROR(__xludf.DUMMYFUNCTION("""COMPUTED_VALUE"""),"11488444/INV/PO6A8B97F7ABD60") -> 11488444/INV/PO6A8B97F7ABD60 | T21: =IFERROR(__xludf.DUMMYFUNCTION("""COMPUTED_VALUE"""),"PE-CLCP-10") -> PE-CLCP-10 | U21: =IFERROR(__xludf.DUMMYFUNCTION("""COMPUTED_VALUE"""),"11010202.2026.09.00030") -> 11010202.2026.09.00030 | W21: =IFERROR(__xludf.DUMMYFUNCTION("""COMPUTED_VALUE"""),9166500.0) -> 9166500 | X21: =LEFT(H21,(LEN(H21)-19)) -> Kab. Cilacap
A22: SMAN 7 Surakarta | C22: {=_xlfn.XLOOKUP(G22,'Sekolah Aplikasi B+'!$Q$5:$Q1700,'Sekolah Aplikasi B+'!$R$5:$R1700,"BELUM UPLOAD")} -> 20313029 | D22: =IFERROR(__xludf.DUMMYFUNCTION("""COMPUTED_VALUE"""),17.0) -> 17 | E22: =IFERROR(__xludf.DUMMYFUNCTION("""COMPUTED_VALUE"""),46258.0) -> 46258 | F22: =IFERROR(__xludf.DUMMYFUNCTION("""COMPUTED_VALUE"""),"PO6A8B9B6623A6A") -> PO6A8B9B6623A6A | G22: =IFERROR(__xludf.DUMMYFUNCTION("""COMPUTED_VALUE"""),"SMA NEGERI 1 TANGEN") -> SMA NEGERI 1 TANGEN | H22: =IFERROR(__xludf.DUMMYFUNCTION("""COMPUTED_VALUE"""),"Kab. Sragen, Prov. Jawa Tengah") -> Kab. Sragen, Prov. Jawa Tengah | I22: =IFERROR(__xludf.DUMMYFUNCTION("""COMPUTED_VALUE"""),1.0) -> 1 | J22: =IFERROR(__xludf.DUMMYFUNCTION("""COMPUTED_VALUE"""),1.7806065E7) -> 17806065 | K22: =IFERROR(__xludf.DUMMYFUNCTION("""COMPUTED_VALUE"""),1.7806065E7) -> 17806065 | L22: =IFERROR(__xludf.DUMMYFUNCTION("""COMPUTED_VALUE"""),1764565.0) -> 1764565 | M22: =IFERROR(__xludf.DUMMYFUNCTION("""COMPUTED_VALUE"""),80207.0) -> 80207 | N22: =IFERROR(__xludf.DUMMYFUNCTION("""COMPUTED_VALUE"""),10000.0) -> 10000 | O22: =IFERROR(__xludf.DUMMYFUNCTION("""COMPUTED_VALUE"""),1.5951293E7) -> 15951293 | P22: =IFERROR(__xludf.DUMMYFUNCTION("""COMPUTED_VALUE"""),"Toko Ladang") -> Toko Ladang | Q22: =IFERROR(__xludf.DUMMYFUNCTION("""COMPUTED_VALUE"""),"Pembayaran Diteruskan") -> Pembayaran Diteruskan | R22: =IFERROR(__xludf.DUMMYFUNCTION("""COMPUTED_VALUE"""),46269.45967592593) -> 46269.46 | S22: =IFERROR(__xludf.DUMMYFUNCTION("""COMPUTED_VALUE"""),"11489040/INV/PO6A8B9B6623A6A") -> 11489040/INV/PO6A8B9B6623A6A | T22: =IFERROR(__xludf.DUMMYFUNCTION("""COMPUTED_VALUE"""),"PE-SRG-02") -> PE-SRG-02 | U22: =IFERROR(__xludf.DUMMYFUNCTION("""COMPUTED_VALUE"""),"11010202.2026.09.00004") -> 11010202.2026.09.00004 | W22: =IFERROR(__xludf.DUMMYFUNCTION("""COMPUTED_VALUE"""),1.60415E7) -> 16041500 | X22: =LEFT(H22,(LEN(H22)-19)) -> Kab. Sragen
A23: SMAN 5 Surakarta | C23: {=_xlfn.XLOOKUP(G23,'Sekolah Aplikasi B+'!$Q$5:$Q1700,'Sekolah Aplikasi B+'!$R$5:$R1700,"BELUM UPLOAD")} -> 20303239 | D23: =IFERROR(__xludf.DUMMYFUNCTION("""COMPUTED_VALUE"""),18.0) -> 18 | E23: =IFERROR(__xludf.DUMMYFUNCTION("""COMPUTED_VALUE"""),46258.0) -> 46258 | F23: =IFERROR(__xludf.DUMMYFUNCTION("""COMPUTED_VALUE"""),"PO6A8BBD7406F92") -> PO6A8BBD7406F92 | G23: =IFERROR(__xludf.DUMMYFUNCTION("""COMPUTED_VALUE"""),"SMA NEGERI 1 KUTASARI") -> SMA NEGERI 1 KUTASARI | H23: =IFERROR(__xludf.DUMMYFUNCTION("""COMPUTED_VALUE"""),"Kab. Purbalingga, Prov. Jawa Tengah") -> Kab. Purbalingga, Prov. Jawa Tengah | I23: =IFERROR(__xludf.DUMMYFUNCTION("""COMPUTED_VALUE"""),1.0) -> 1 | J23: =IFERROR(__xludf.DUMMYFUNCTION("""COMPUTED_VALUE"""),3.5612685E7) -> 35612685 | K23: =IFERROR(__xludf.DUMMYFUNCTION("""COMPUTED_VALUE"""),3.5612685E7) -> 35612685 | L23: =IFERROR(__xludf.DUMMYFUNCTION("""COMPUTED_VALUE"""),3529185.0) -> 3529185 | M23: =IFERROR(__xludf.DUMMYFUNCTION("""COMPUTED_VALUE"""),160417.0) -> 160417 | N23: =IFERROR(__xludf.DUMMYFUNCTION("""COMPUTED_VALUE"""),10000.0) -> 10000 | O23: =IFERROR(__xludf.DUMMYFUNCTION("""COMPUTED_VALUE"""),3.1913083E7) -> 31913083 | P23: =IFERROR(__xludf.DUMMYFUNCTION("""COMPUTED_VALUE"""),"Toko Ladang") -> Toko Ladang | Q23: =IFERROR(__xludf.DUMMYFUNCTION("""COMPUTED_VALUE"""),"Pembayaran Diteruskan") -> Pembayaran Diteruskan | R23: =IFERROR(__xludf.DUMMYFUNCTION("""COMPUTED_VALUE"""),46262.618842592594) -> 46262.619 | S23: =IFERROR(__xludf.DUMMYFUNCTION("""COMPUTED_VALUE"""),"11496469/INV/PO6A8BBD7406F92") -> 11496469/INV/PO6A8BBD7406F92 | T23: =IFERROR(__xludf.DUMMYFUNCTION("""COMPUTED_VALUE"""),"PE-PBG-05") -> PE-PBG-05 | U23: =IFERROR(__xludf.DUMMYFUNCTION("""COMPUTED_VALUE"""),"11010202.2026.08.00011") -> 11010202.2026.08.00011 | W23: =IFERROR(__xludf.DUMMYFUNCTION("""COMPUTED_VALUE"""),3.20835E7) -> 32083500 | X23: =LEFT(H23,(LEN(H23)-19)) -> Kab. Purbalingga
A24: SMAN 8 Surakarta | C24: {=_xlfn.XLOOKUP(G24,'Sekolah Aplikasi B+'!$Q$5:$Q1700,'Sekolah Aplikasi B+'!$R$5:$R1700,"BELUM UPLOAD")} -> 20320387 | D24: =IFERROR(__xludf.DUMMYFUNCTION("""COMPUTED_VALUE"""),19.0) -> 19 | E24: =IFERROR(__xludf.DUMMYFUNCTION("""COMPUTED_VALUE"""),46258.0) -> 46258 | F24: =IFERROR(__xludf.DUMMYFUNCTION("""COMPUTED_VALUE"""),"PO6A8BC5A950E6E") -> PO6A8BC5A950E6E | G24: =IFERROR(__xludf.DUMMYFUNCTION("""COMPUTED_VALUE"""),"SMA NEGERI 1 AMBARAWA") -> SMA NEGERI 1 AMBARAWA | H24: =IFERROR(__xludf.DUMMYFUNCTION("""COMPUTED_VALUE"""),"Kab. Semarang, Prov. Jawa Tengah") -> Kab. Semarang, Prov. Jawa Tengah | I24: =IFERROR(__xludf.DUMMYFUNCTION("""COMPUTED_VALUE"""),1.0) -> 1 | J24: =IFERROR(__xludf.DUMMYFUNCTION("""COMPUTED_VALUE"""),6.105E7) -> 61050000 | K24: =IFERROR(__xludf.DUMMYFUNCTION("""COMPUTED_VALUE"""),6.105E7) -> 61050000 | L24: =IFERROR(__xludf.DUMMYFUNCTION("""COMPUTED_VALUE"""),6050000.0) -> 6050000 | M24: =IFERROR(__xludf.DUMMYFUNCTION("""COMPUTED_VALUE"""),275000.0) -> 275000 | N24: =IFERROR(__xludf.DUMMYFUNCTION("""COMPUTED_VALUE"""),10000.0) -> 10000 | O24: =IFERROR(__xludf.DUMMYFUNCTION("""COMPUTED_VALUE"""),5.4715E7) -> 54715000 | P24: =IFERROR(__xludf.DUMMYFUNCTION("""COMPUTED_VALUE"""),"Toko Ladang") -> Toko Ladang | Q24: =IFERROR(__xludf.DUMMYFUNCTION("""COMPUTED_VALUE"""),"Pembayaran Diteruskan") -> Pembayaran Diteruskan | R24: =IFERROR(__xludf.DUMMYFUNCTION("""COMPUTED_VALUE"""),46261.48452546296) -> 46261.485 | S24: =IFERROR(__xludf.DUMMYFUNCTION("""COMPUTED_VALUE"""),"11498265/INV/PO6A8BC5A950E6E") -> 11498265/INV/PO6A8BC5A950E6E | T24: =IFERROR(__xludf.DUMMYFUNCTION("""COMPUTED_VALUE"""),"PE-SMG-01") -> PE-SMG-01 | U24: =IFERROR(__xludf.DUMMYFUNCTION("""COMPUTED_VALUE"""),"11010202.2026.08.00009") -> 11010202.2026.08.00009 | W24: =IFERROR(__xludf.DUMMYFUNCTION("""COMPUTED_VALUE"""),5.5E7) -> 55000000 | X24: =LEFT(H24,(LEN(H24)-19)) -> Kab. Semarang
A25: SMAN 4 Surakarta | C25: {=_xlfn.XLOOKUP(G25,'Sekolah Aplikasi B+'!$Q$5:$Q1700,'Sekolah Aplikasi B+'!$R$5:$R1700,"BELUM UPLOAD")} -> 20303246 | D25: =IFERROR(__xludf.DUMMYFUNCTION("""COMPUTED_VALUE"""),20.0) -> 20 | E25: =IFERROR(__xludf.DUMMYFUNCTION("""COMPUTED_VALUE"""),46261.0) -> 46261 | F25: =IFERROR(__xludf.DUMMYFUNCTION("""COMPUTED_VALUE"""),"PO6A8E57D7D1457") -> PO6A8E57D7D1457 | G25: =IFERROR(__xludf.DUMMYFUNCTION("""COMPUTED_VALUE"""),"SMA NEGERI 2 PURBALINGGA") -> SMA NEGERI 2 PURBALINGGA | H25: =IFERROR(__xludf.DUMMYFUNCTION("""COMPUTED_VALUE"""),"Kab. Purbalingga, Prov. Jawa Tengah") -> Kab. Purbalingga, Prov. Jawa Tengah | I25: =IFERROR(__xludf.DUMMYFUNCTION("""COMPUTED_VALUE"""),1.0) -> 1 | J25: =IFERROR(__xludf.DUMMYFUNCTION("""COMPUTED_VALUE"""),5.0875185E7) -> 50875185 | K25: =IFERROR(__xludf.DUMMYFUNCTION("""COMPUTED_VALUE"""),5.0875185E7) -> 50875185 | L25: =IFERROR(__xludf.DUMMYFUNCTION("""COMPUTED_VALUE"""),5041685.0) -> 5041685 | M25: =IFERROR(__xludf.DUMMYFUNCTION("""COMPUTED_VALUE"""),229167.0) -> 229167 | N25: =IFERROR(__xludf.DUMMYFUNCTION("""COMPUTED_VALUE"""),10000.0) -> 10000 | O25: =IFERROR(__xludf.DUMMYFUNCTION("""COMPUTED_VALUE"""),4.5594333E7) -> 45594333 | P25: =IFERROR(__xludf.DUMMYFUNCTION("""COMPUTED_VALUE"""),"Toko Ladang") -> Toko Ladang | Q25: =IFERROR(__xludf.DUMMYFUNCTION("""COMPUTED_VALUE"""),"Pembayaran Diteruskan") -> Pembayaran Diteruskan | R25: =IFERROR(__xludf.DUMMYFUNCTION("""COMPUTED_VALUE"""),46268.60599537037) -> 46268.606 | S25: =IFERROR(__xludf.DUMMYFUNCTION("""COMPUTED_VALUE"""),"11537676/INV/PO6A8E57D7D1457") -> 11537676/INV/PO6A8E57D7D1457 | T25: =IFERROR(__xludf.DUMMYFUNCTION("""COMPUTED_VALUE"""),"PE-PBG-02") -> PE-PBG-02 | U25: =IFERROR(__xludf.DUMMYFUNCTION("""COMPUTED_VALUE"""),"11010202.2026.09.00002") -> 11010202.2026.09.00002 | W25: =IFERROR(__xludf.DUMMYFUNCTION("""COMPUTED_VALUE"""),4.58335E7) -> 45833500 | X25: =LEFT(H25,(LEN(H25)-19)) -> Kab. Purbalingga
A26: SMAN 1 Tuntang | C26: {=_xlfn.XLOOKUP(G26,'Sekolah Aplikasi B+'!$Q$5:$Q1700,'Sekolah Aplikasi B+'!$R$5:$R1700,"BELUM UPLOAD")} -> 20307711 | D26: =IFERROR(__xludf.DUMMYFUNCTION("""COMPUTED_VALUE"""),21.0) -> 21 | E26: =IFERROR(__xludf.DUMMYFUNCTION("""COMPUTED_VALUE"""),46261.0) -> 46261 | F26: =IFERROR(__xludf.DUMMYFUNCTION("""COMPUTED_VALUE"""),"PO6A8E62CD420B4") -> PO6A8E62CD420B4 | G26: =IFERROR(__xludf.DUMMYFUNCTION("""COMPUTED_VALUE"""),"SMA NEGERI 1 NGLUWAR") -> SMA NEGERI 1 NGLUWAR | H26: =IFERROR(__xludf.DUMMYFUNCTION("""COMPUTED_VALUE"""),"Kab. Magelang, Prov. Jawa Tengah") -> Kab. Magelang, Prov. Jawa Tengah | I26: =IFERROR(__xludf.DUMMYFUNCTION("""COMPUTED_VALUE"""),1.0) -> 1 | J26: =IFERROR(__xludf.DUMMYFUNCTION("""COMPUTED_VALUE"""),2.0350185E7) -> 20350185 | K26: =IFERROR(__xludf.DUMMYFUNCTION("""COMPUTED_VALUE"""),2.0350185E7) -> 20350185 | L26: =IFERROR(__xludf.DUMMYFUNCTION("""COMPUTED_VALUE"""),2016685.0) -> 2016685 | M26: =IFERROR(__xludf.DUMMYFUNCTION("""COMPUTED_VALUE"""),91667.0) -> 91667 | N26: =IFERROR(__xludf.DUMMYFUNCTION("""COMPUTED_VALUE"""),10000.0) -> 10000 | O26: =IFERROR(__xludf.DUMMYFUNCTION("""COMPUTED_VALUE"""),1.8231833E7) -> 18231833 | P26: =IFERROR(__xludf.DUMMYFUNCTION("""COMPUTED_VALUE"""),"Toko Ladang") -> Toko Ladang | Q26: =IFERROR(__xludf.DUMMYFUNCTION("""COMPUTED_VALUE"""),"Pembayaran Diteruskan") -> Pembayaran Diteruskan | R26: =IFERROR(__xludf.DUMMYFUNCTION("""COMPUTED_VALUE"""),46262.618842592594) -> 46262.619 | S26: =IFERROR(__xludf.DUMMYFUNCTION("""COMPUTED_VALUE"""),"11540401/INV/PO6A8E62CD420B4") -> 11540401/INV/PO6A8E62CD420B4 | T26: =IFERROR(__xludf.DUMMYFUNCTION("""COMPUTED_VALUE"""),"PE-MGL-07") -> PE-MGL-07 | U26: =IFERROR(__xludf.DUMMYFUNCTION("""COMPUTED_VALUE"""),"11010202.2026.08.00012") -> 11010202.2026.08.00012 | W26: =IFERROR(__xludf.DUMMYFUNCTION("""COMPUTED_VALUE"""),1.83335E7) -> 18333500 | X26: =LEFT(H26,(LEN(H26)-19)) -> Kab. Magelang
A27: SMAN 1 Bojong | C27: {=_xlfn.XLOOKUP(G27,'Sekolah Aplikasi B+'!$Q$5:$Q1700,'Sekolah Aplikasi B+'!$R$5:$R1700,"BELUM UPLOAD")} -> 20328879 | D27: =IFERROR(__xludf.DUMMYFUNCTION("""COMPUTED_VALUE"""),22.0) -> 22 | E27: =IFERROR(__xludf.DUMMYFUNCTION("""COMPUTED_VALUE"""),46261.0) -> 46261 | F27: =IFERROR(__xludf.DUMMYFUNCTION("""COMPUTED_VALUE"""),"PO6A8F8ED01A0F2") -> PO6A8F8ED01A0F2 | G27: =IFERROR(__xludf.DUMMYFUNCTION("""COMPUTED_VALUE"""),"SMA NEGERI 11 SEMARANG") -> SMA NEGERI 11 SEMARANG | H27: =IFERROR(__xludf.DUMMYFUNCTION("""COMPUTED_VALUE"""),"Kota Semarang, Prov. Jawa Tengah") -> Kota Semarang, Prov. Jawa Tengah | I27: =IFERROR(__xludf.DUMMYFUNCTION("""COMPUTED_VALUE"""),1.0) -> 1 | J27: =IFERROR(__xludf.DUMMYFUNCTION("""COMPUTED_VALUE"""),6.105E7) -> 61050000 | K27: =IFERROR(__xludf.DUMMYFUNCTION("""COMPUTED_VALUE"""),6.105E7) -> 61050000 | L27: =IFERROR(__xludf.DUMMYFUNCTION("""COMPUTED_VALUE"""),6050000.0) -> 6050000 | M27: =IFERROR(__xludf.DUMMYFUNCTION("""COMPUTED_VALUE"""),275000.0) -> 275000 | N27: =IFERROR(__xludf.DUMMYFUNCTION("""COMPUTED_VALUE"""),10000.0) -> 10000 | O27: =IFERROR(__xludf.DUMMYFUNCTION("""COMPUTED_VALUE"""),5.4715E7) -> 54715000 | P27: =IFERROR(__xludf.DUMMYFUNCTION("""COMPUTED_VALUE"""),"Toko Ladang") -> Toko Ladang | Q27: =IFERROR(__xludf.DUMMYFUNCTION("""COMPUTED_VALUE"""),"Pembayaran Diteruskan") -> Pembayaran Diteruskan | R27: =IFERROR(__xludf.DUMMYFUNCTION("""COMPUTED_VALUE"""),46282.499398148146) -> 46282.499 | S27: =IFERROR(__xludf.DUMMYFUNCTION("""COMPUTED_VALUE"""),"11563692/INV/PO6A8F8ED01A0F2") -> 11563692/INV/PO6A8F8ED01A0F2 | T27: =IFERROR(__xludf.DUMMYFUNCTION("""COMPUTED_VALUE"""),"PE-SMG-04") -> PE-SMG-04 | U27: =IFERROR(__xludf.DUMMYFUNCTION("""COMPUTED_VALUE"""),"11010202.2026.09.00029") -> 11010202.2026.09.00029 | W27: =IFERROR(__xludf.DUMMYFUNCTION("""COMPUTED_VALUE"""),5.5E7) -> 55000000 | X27: =LEFT(H27,(LEN(H27)-19)) -> Kota Semarang
A28: SMAN 10 Purworejo | C28: {=_xlfn.XLOOKUP(G28,'Sekolah Aplikasi B+'!$Q$5:$Q1700,'Sekolah Aplikasi B+'!$R$5:$R1700,"BELUM UPLOAD")} -> 20310416 | D28: =IFERROR(__xludf.DUMMYFUNCTION("""COMPUTED_VALUE"""),23.0) -> 23 | E28: =IFERROR(__xludf.DUMMYFUNCTION("""COMPUTED_VALUE"""),46263.0) -> 46263 | F28: =IFERROR(__xludf.DUMMYFUNCTION("""COMPUTED_VALUE"""),"PO6A90FF61294F2") -> PO6A90FF61294F2 | G28: =IFERROR(__xludf.DUMMYFUNCTION("""COMPUTED_VALUE"""),"SMA NEGERI 1 POLOKARTO") -> SMA NEGERI 1 POLOKARTO | H28: =IFERROR(__xludf.DUMMYFUNCTION("""COMPUTED_VALUE"""),"Kab. Sukoharjo, Prov. Jawa Tengah") -> Kab. Sukoharjo, Prov. Jawa Tengah | I28: =IFERROR(__xludf.DUMMYFUNCTION("""COMPUTED_VALUE"""),1.0) -> 1 | J28: =IFERROR(__xludf.DUMMYFUNCTION("""COMPUTED_VALUE"""),2.0350185E7) -> 20350185 | K28: =IFERROR(__xludf.DUMMYFUNCTION("""COMPUTED_VALUE"""),2.0350185E7) -> 20350185 | L28: =IFERROR(__xludf.DUMMYFUNCTION("""COMPUTED_VALUE"""),2016685.0) -> 2016685 | M28: =IFERROR(__xludf.DUMMYFUNCTION("""COMPUTED_VALUE"""),91667.0) -> 91667 | N28: =IFERROR(__xludf.DUMMYFUNCTION("""COMPUTED_VALUE"""),10000.0) -> 10000 | O28: =IFERROR(__xludf.DUMMYFUNCTION("""COMPUTED_VALUE"""),1.8231833E7) -> 18231833 | P28: =IFERROR(__xludf.DUMMYFUNCTION("""COMPUTED_VALUE"""),"Toko Ladang") -> Toko Ladang | Q28: =IFERROR(__xludf.DUMMYFUNCTION("""COMPUTED_VALUE"""),"Pembayaran Diteruskan") -> Pembayaran Diteruskan | R28: =IFERROR(__xludf.DUMMYFUNCTION("""COMPUTED_VALUE"""),46267.482881944445) -> 46267.483 | S28: =IFERROR(__xludf.DUMMYFUNCTION("""COMPUTED_VALUE"""),"11597823/INV/PO6A90FF61294F2") -> 11597823/INV/PO6A90FF61294F2 | T28: =IFERROR(__xludf.DUMMYFUNCTION("""COMPUTED_VALUE"""),"PE-SKH-06") -> PE-SKH-06 | U28: =IFERROR(__xludf.DUMMYFUNCTION("""COMPUTED_VALUE"""),"11010202.2026.09.00009") -> 11010202.2026.09.00009 | W28: =IFERROR(__xludf.DUMMYFUNCTION("""COMPUTED_VALUE"""),1.83335E7) -> 18333500 | X28: =LEFT(H28,(LEN(H28)-19)) -> Kab. Sukoharjo
A29: SMAN 1 Purworejo | C29: {=_xlfn.XLOOKUP(G29,'Sekolah Aplikasi B+'!$Q$5:$Q1700,'Sekolah Aplikasi B+'!$R$5:$R1700,"BELUM UPLOAD")} -> 20320373 | D29: =IFERROR(__xludf.DUMMYFUNCTION("""COMPUTED_VALUE"""),24.0) -> 24 | E29: =IFERROR(__xludf.DUMMYFUNCTION("""COMPUTED_VALUE"""),46263.0) -> 46263 | F29: =IFERROR(__xludf.DUMMYFUNCTION("""COMPUTED_VALUE"""),"PO6A9131F48E788") -> PO6A9131F48E788 | G29: =IFERROR(__xludf.DUMMYFUNCTION("""COMPUTED_VALUE"""),"SMA ISLAM SUDIRMAN AMBARAWA") -> SMA ISLAM SUDIRMAN AMBARAWA | H29: =IFERROR(__xludf.DUMMYFUNCTION("""COMPUTED_VALUE"""),"Kab. Semarang, Prov. Jawa Tengah") -> Kab. Semarang, Prov. Jawa Tengah | I29: =IFERROR(__xludf.DUMMYFUNCTION("""COMPUTED_VALUE"""),1.0) -> 1 | J29: =IFERROR(__xludf.DUMMYFUNCTION("""COMPUTED_VALUE"""),8.394375E7) -> 83943750 | K29: =IFERROR(__xludf.DUMMYFUNCTION("""COMPUTED_VALUE"""),8.394375E7) -> 83943750 | L29: =IFERROR(__xludf.DUMMYFUNCTION("""COMPUTED_VALUE"""),8318750.0) -> 8318750 | M29: =IFERROR(__xludf.DUMMYFUNCTION("""COMPUTED_VALUE"""),378125.0) -> 378125 | N29: =IFERROR(__xludf.DUMMYFUNCTION("""COMPUTED_VALUE"""),10000.0) -> 10000 | O29: =IFERROR(__xludf.DUMMYFUNCTION("""COMPUTED_VALUE"""),7.5236875E7) -> 75236875 | P29: =IFERROR(__xludf.DUMMYFUNCTION("""COMPUTED_VALUE"""),"Toko Ladang") -> Toko Ladang | Q29: =IFERROR(__xludf.DUMMYFUNCTION("""COMPUTED_VALUE"""),"Pembayaran Diteruskan") -> Pembayaran Diteruskan | R29: =IFERROR(__xludf.DUMMYFUNCTION("""COMPUTED_VALUE"""),46296.49318287037) -> 46296.493 | S29: =IFERROR(__xludf.DUMMYFUNCTION("""COMPUTED_VALUE"""),"11603490/INV/PO6A9131F48E788") -> 11603490/INV/PO6A9131F48E788 | T29: =IFERROR(__xludf.DUMMYFUNCTION("""COMPUTED_VALUE"""),"PE-SMG-08") -> PE-SMG-08 | U29: =IFERROR(__xludf.DUMMYFUNCTION("""COMPUTED_VALUE"""),"11010202.2026.10.00001") -> 11010202.2026.10.00001 | W29: =IFERROR(__xludf.DUMMYFUNCTION("""COMPUTED_VALUE"""),7.5625E7) -> 75625000 | X29: =LEFT(H29,(LEN(H29)-19)) -> Kab. Semarang
A30: SMAN 1 Maos | C30: {=_xlfn.XLOOKUP(G30,'Sekolah Aplikasi B+'!$Q$5:$Q1700,'Sekolah Aplikasi B+'!$R$5:$R1700,"BELUM UPLOAD")} -> 20310415 | D30: =IFERROR(__xludf.DUMMYFUNCTION("""COMPUTED_VALUE"""),25.0) -> 25 | E30: =IFERROR(__xludf.DUMMYFUNCTION("""COMPUTED_VALUE"""),46266.0) -> 46266 | F30: =IFERROR(__xludf.DUMMYFUNCTION("""COMPUTED_VALUE"""),"PO6A9550DD32AF7") -> PO6A9550DD32AF7 | G30: =IFERROR(__xludf.DUMMYFUNCTION("""COMPUTED_VALUE"""),"SMA NEGERI 1 NGUTER") -> SMA NEGERI 1 NGUTER | H30: =IFERROR(__xludf.DUMMYFUNCTION("""COMPUTED_VALUE"""),"Kab. Sukoharjo, Prov. Jawa Tengah") -> Kab. Sukoharjo, Prov. Jawa Tengah | I30: =IFERROR(__xludf.DUMMYFUNCTION("""COMPUTED_VALUE"""),1.0) -> 1 | J30: =IFERROR(__xludf.DUMMYFUNCTION("""COMPUTED_VALUE"""),4.0699815E7) -> 40699815 | K30: =IFERROR(__xludf.DUMMYFUNCTION("""COMPUTED_VALUE"""),4.0699815E7) -> 40699815 | L30: =IFERROR(__xludf.DUMMYFUNCTION("""COMPUTED_VALUE"""),4033315.0) -> 4033315 | M30: =IFERROR(__xludf.DUMMYFUNCTION("""COMPUTED_VALUE"""),183332.0) -> 183332 | N30: =IFERROR(__xludf.DUMMYFUNCTION("""COMPUTED_VALUE"""),10000.0) -> 10000 | O30: =IFERROR(__xludf.DUMMYFUNCTION("""COMPUTED_VALUE"""),3.6473168E7) -> 36473168 | P30: =IFERROR(__xludf.DUMMYFUNCTION("""COMPUTED_VALUE"""),"Toko Ladang") -> Toko Ladang | Q30: =IFERROR(__xludf.DUMMYFUNCTION("""COMPUTED_VALUE"""),"Pembayaran Diteruskan") -> Pembayaran Diteruskan | R30: =IFERROR(__xludf.DUMMYFUNCTION("""COMPUTED_VALUE"""),46269.45967592593) -> 46269.46 | S30: =IFERROR(__xludf.DUMMYFUNCTION("""COMPUTED_VALUE"""),"11642436/INV/PO6A9550DD32AF7") -> 11642436/INV/PO6A9550DD32AF7 | T30: =IFERROR(__xludf.DUMMYFUNCTION("""COMPUTED_VALUE"""),"PE-SKH-03") -> PE-SKH-03 | U30: =IFERROR(__xludf.DUMMYFUNCTION("""COMPUTED_VALUE"""),"11010202.2026.09.00005") -> 11010202.2026.09.00005 | W30: =IFERROR(__xludf.DUMMYFUNCTION("""COMPUTED_VALUE"""),3.66665E7) -> 36666500 | X30: =LEFT(H30,(LEN(H30)-19)) -> Kab. Sukoharjo
A31: SMAN 9 Surakarta | C31: {=_xlfn.XLOOKUP(G31,'Sekolah Aplikasi B+'!$Q$5:$Q1700,'Sekolah Aplikasi B+'!$R$5:$R1700,"BELUM UPLOAD")} -> 20322742 | D31: =IFERROR(__xludf.DUMMYFUNCTION("""COMPUTED_VALUE"""),26.0) -> 26 | E31: =IFERROR(__xludf.DUMMYFUNCTION("""COMPUTED_VALUE"""),46266.0) -> 46266 | F31: =IFERROR(__xludf.DUMMYFUNCTION("""COMPUTED_VALUE"""),"PO6A9620AF6E28B") -> PO6A9620AF6E28B | G31: =IFERROR(__xludf.DUMMYFUNCTION("""COMPUTED_VALUE"""),"SMA NEGERI 1 GRINGSING") -> SMA NEGERI 1 GRINGSING | H31: =IFERROR(__xludf.DUMMYFUNCTION("""COMPUTED_VALUE"""),"Kab. Batang, Prov. Jawa Tengah") -> Kab. Batang, Prov. Jawa Tengah | I31: =IFERROR(__xludf.DUMMYFUNCTION("""COMPUTED_VALUE"""),1.0) -> 1 | J31: =IFERROR(__xludf.DUMMYFUNCTION("""COMPUTED_VALUE"""),7631250.0) -> 7631250 | K31: =IFERROR(__xludf.DUMMYFUNCTION("""COMPUTED_VALUE"""),7631250.0) -> 7631250 | L31: =IFERROR(__xludf.DUMMYFUNCTION("""COMPUTED_VALUE"""),756250.0) -> 756250 | M31: =IFERROR(__xludf.DUMMYFUNCTION("""COMPUTED_VALUE"""),34375.0) -> 34375 | N31: =IFERROR(__xludf.DUMMYFUNCTION("""COMPUTED_VALUE"""),10000.0) -> 10000 | O31: =IFERROR(__xludf.DUMMYFUNCTION("""COMPUTED_VALUE"""),6830625.0) -> 6830625 | P31: =IFERROR(__xludf.DUMMYFUNCTION("""COMPUTED_VALUE"""),"Toko Ladang") -> Toko Ladang | Q31: =IFERROR(__xludf.DUMMYFUNCTION("""COMPUTED_VALUE"""),"Pembayaran Diteruskan") -> Pembayaran Diteruskan | R31: =IFERROR(__xludf.DUMMYFUNCTION("""COMPUTED_VALUE"""),46272.643055555556) -> 46272.643 | S31: =IFERROR(__xludf.DUMMYFUNCTION("""COMPUTED_VALUE"""),"11647704/INV/PO6A9620AF6E28B") -> 11647704/INV/PO6A9620AF6E28B | T31: =IFERROR(__xludf.DUMMYFUNCTION("""COMPUTED_VALUE"""),"PE-BTG-04") -> PE-BTG-04 | U31: =IFERROR(__xludf.DUMMYFUNCTION("""COMPUTED_VALUE"""),"11010202.2026.09.00010") -> 11010202.2026.09.00010 | W31: =IFERROR(__xludf.DUMMYFUNCTION("""COMPUTED_VALUE"""),6875000.0) -> 6875000 | X31: =LEFT(H31,(LEN(H31)-19)) -> Kab. Batang
A32: SMAN 2 Surakarta | C32: {=_xlfn.XLOOKUP(G32,'Sekolah Aplikasi B+'!$Q$5:$Q1700,'Sekolah Aplikasi B+'!$R$5:$R1700,"BELUM UPLOAD")} -> 20354028 | D32: =IFERROR(__xludf.DUMMYFUNCTION("""COMPUTED_VALUE"""),27.0) -> 27 | E32: =IFERROR(__xludf.DUMMYFUNCTION("""COMPUTED_VALUE"""),46266.0) -> 46266 | F32: =IFERROR(__xludf.DUMMYFUNCTION("""COMPUTED_VALUE"""),"PO6A9688EB82298") -> PO6A9688EB82298 | G32: =IFERROR(__xludf.DUMMYFUNCTION("""COMPUTED_VALUE"""),"SMA NEGERI 1 SRAGEN") -> SMA NEGERI 1 SRAGEN | H32: =IFERROR(__xludf.DUMMYFUNCTION("""COMPUTED_VALUE"""),"Kab. Sragen, Prov. Jawa Tengah") -> Kab. Sragen, Prov. Jawa Tengah | I32: =IFERROR(__xludf.DUMMYFUNCTION("""COMPUTED_VALUE"""),1.0) -> 1 | J32: =IFERROR(__xludf.DUMMYFUNCTION("""COMPUTED_VALUE"""),2.7981435E7) -> 27981435 | K32: =IFERROR(__xludf.DUMMYFUNCTION("""COMPUTED_VALUE"""),2.7981435E7) -> 27981435 | L32: =IFERROR(__xludf.DUMMYFUNCTION("""COMPUTED_VALUE"""),2772935.0) -> 2772935 | M32: =IFERROR(__xludf.DUMMYFUNCTION("""COMPUTED_VALUE"""),126042.0) -> 126042 | N32: =IFERROR(__xludf.DUMMYFUNCTION("""COMPUTED_VALUE"""),10000.0) -> 10000 | O32: =IFERROR(__xludf.DUMMYFUNCTION("""COMPUTED_VALUE"""),2.5072458E7) -> 25072458 | P32: =IFERROR(__xludf.DUMMYFUNCTION("""COMPUTED_VALUE"""),"Toko Ladang") -> Toko Ladang | Q32: =IFERROR(__xludf.DUMMYFUNCTION("""COMPUTED_VALUE"""),"Pembayaran Diteruskan") -> Pembayaran Diteruskan | R32: =IFERROR(__xludf.DUMMYFUNCTION("""COMPUTED_VALUE"""),46269.59118055556) -> 46269.591 | S32: =IFERROR(__xludf.DUMMYFUNCTION("""COMPUTED_VALUE"""),"11665059/INV/PO6A9688EB82298") -> 11665059/INV/PO6A9688EB82298 | T32: =IFERROR(__xludf.DUMMYFUNCTION("""COMPUTED_VALUE"""),"PE-SRG-06") -> PE-SRG-06 | U32: =IFERROR(__xludf.DUMMYFUNCTION("""COMPUTED_VALUE"""),"11010202.2026.09.00006") -> 11010202.2026.09.00006 | W32: =IFERROR(__xludf.DUMMYFUNCTION("""COMPUTED_VALUE"""),2.52085E7) -> 25208500 | X32: =LEFT(H32,(LEN(H32)-19)) -> Kab. Sragen
A33: SMAN 1 Weleri | C33: {=_xlfn.XLOOKUP(G33,'Sekolah Aplikasi B+'!$Q$5:$Q1700,'Sekolah Aplikasi B+'!$R$5:$R1700,"BELUM UPLOAD")} -> 20302182 | D33: =IFERROR(__xludf.DUMMYFUNCTION("""COMPUTED_VALUE"""),28.0) -> 28 | E33: =IFERROR(__xludf.DUMMYFUNCTION("""COMPUTED_VALUE"""),46268.0) -> 46268 | F33: =IFERROR(__xludf.DUMMYFUNCTION("""COMPUTED_VALUE"""),"PO6A9803A140B6C") -> PO6A9803A140B6C | G33: =IFERROR(__xludf.DUMMYFUNCTION("""COMPUTED_VALUE"""),"SMA NEGERI 1 PURWOKERTO") -> SMA NEGERI 1 PURWOKERTO | H33: =IFERROR(__xludf.DUMMYFUNCTION("""COMPUTED_VALUE"""),"Kab. Banyumas, Prov. Jawa Tengah") -> Kab. Banyumas, Prov. Jawa Tengah | I33: =IFERROR(__xludf.DUMMYFUNCTION("""COMPUTED_VALUE"""),1.0) -> 1 | J33: =IFERROR(__xludf.DUMMYFUNCTION("""COMPUTED_VALUE"""),5.5962315E7) -> 55962315 | K33: =IFERROR(__xludf.DUMMYFUNCTION("""COMPUTED_VALUE"""),5.5962315E7) -> 55962315 | L33: =IFERROR(__xludf.DUMMYFUNCTION("""COMPUTED_VALUE"""),5545815.0) -> 5545815 | M33: =IFERROR(__xludf.DUMMYFUNCTION("""COMPUTED_VALUE"""),252082.0) -> 252082 | N33: =IFERROR(__xludf.DUMMYFUNCTION("""COMPUTED_VALUE"""),10000.0) -> 10000 | O33: =IFERROR(__xludf.DUMMYFUNCTION("""COMPUTED_VALUE"""),5.0154418E7) -> 50154418 | P33: =IFERROR(__xludf.DUMMYFUNCTION("""COMPUTED_VALUE"""),"Toko Ladang") -> Toko Ladang | Q33: =IFERROR(__xludf.DUMMYFUNCTION("""COMPUTED_VALUE"""),"Pembayaran Diteruskan") -> Pembayaran Diteruskan | R33: =IFERROR(__xludf.DUMMYFUNCTION("""COMPUTED_VALUE"""),46269.59118055556) -> 46269.591 | S33: =IFERROR(__xludf.DUMMYFUNCTION("""COMPUTED_VALUE"""),"11692942/INV/PO6A9803A140B6C") -> 11692942/INV/PO6A9803A140B6C | T33: =IFERROR(__xludf.DUMMYFUNCTION("""COMPUTED_VALUE"""),"PE-BYM-01") -> PE-BYM-01 | U33: =IFERROR(__xludf.DUMMYFUNCTION("""COMPUTED_VALUE"""),"11010202.2026.09.00007") -> 11010202.2026.09.00007 | W33: =IFERROR(__xludf.DUMMYFUNCTION("""COMPUTED_VALUE"""),5.04165E7) -> 50416500 | X33: =LEFT(H33,(LEN(H33)-19)) -> Kab. Banyumas
A34: SMAN 7 Semarang | C34: {=_xlfn.XLOOKUP(G34,'Sekolah Aplikasi B+'!$Q$5:$Q1700,'Sekolah Aplikasi B+'!$R$5:$R1700,"BELUM UPLOAD")} -> 20322745 | D34: =IFERROR(__xludf.DUMMYFUNCTION("""COMPUTED_VALUE"""),29.0) -> 29 | E34: =IFERROR(__xludf.DUMMYFUNCTION("""COMPUTED_VALUE"""),46268.0) -> 46268 | F34: =IFERROR(__xludf.DUMMYFUNCTION("""COMPUTED_VALUE"""),"PO6A990EE153343") -> PO6A990EE153343 | G34: =IFERROR(__xludf.DUMMYFUNCTION("""COMPUTED_VALUE"""),"SMA NEGERI 1 BANDAR") -> SMA NEGERI 1 BANDAR | H34: =IFERROR(__xludf.DUMMYFUNCTION("""COMPUTED_VALUE"""),"Kab. Batang, Prov. Jawa Tengah") -> Kab. Batang, Prov. Jawa Tengah | I34: =IFERROR(__xludf.DUMMYFUNCTION("""COMPUTED_VALUE"""),1.0) -> 1 | J34: =IFERROR(__xludf.DUMMYFUNCTION("""COMPUTED_VALUE"""),1.0174815E7) -> 10174815 | K34: =IFERROR(__xludf.DUMMYFUNCTION("""COMPUTED_VALUE"""),1.0174815E7) -> 10174815 | L34: =IFERROR(__xludf.DUMMYFUNCTION("""COMPUTED_VALUE"""),1008315.0) -> 1008315 | M34: =IFERROR(__xludf.DUMMYFUNCTION("""COMPUTED_VALUE"""),45832.0) -> 45832 | N34: =IFERROR(__xludf.DUMMYFUNCTION("""COMPUTED_VALUE"""),10000.0) -> 10000 | O34: =IFERROR(__xludf.DUMMYFUNCTION("""COMPUTED_VALUE"""),9110668.0) -> 9110668 | P34: =IFERROR(__xludf.DUMMYFUNCTION("""COMPUTED_VALUE"""),"Toko Ladang") -> Toko Ladang | Q34: =IFERROR(__xludf.DUMMYFUNCTION("""COMPUTED_VALUE"""),"Pembayaran Diteruskan") -> Pembayaran Diteruskan | R34: =IFERROR(__xludf.DUMMYFUNCTION("""COMPUTED_VALUE"""),46273.60414351852) -> 46273.604 | S34: =IFERROR(__xludf.DUMMYFUNCTION("""COMPUTED_VALUE"""),"11712674/INV/PO6A990EE153343") -> 11712674/INV/PO6A990EE153343 | T34: =IFERROR(__xludf.DUMMYFUNCTION("""COMPUTED_VALUE"""),"PE-BTG-05") -> PE-BTG-05 | U34: =IFERROR(__xludf.DUMMYFUNCTION("""COMPUTED_VALUE"""),"11010202.2026.09.00011") -> 11010202.2026.09.00011 | W34: =IFERROR(__xludf.DUMMYFUNCTION("""COMPUTED_VALUE"""),9166500.0) -> 9166500 | X34: =LEFT(H34,(LEN(H34)-19)) -> Kab. Batang
A35: SMAN 1 Mirit | C35: {=_xlfn.XLOOKUP(G35,'Sekolah Aplikasi B+'!$Q$5:$Q1700,'Sekolah Aplikasi B+'!$R$5:$R1700,"BELUM UPLOAD")} -> 20303229 | D35: =IFERROR(__xludf.DUMMYFUNCTION("""COMPUTED_VALUE"""),30.0) -> 30 | E35: =IFERROR(__xludf.DUMMYFUNCTION("""COMPUTED_VALUE"""),46269.0) -> 46269 | F35: =IFERROR(__xludf.DUMMYFUNCTION("""COMPUTED_VALUE"""),"PO6A9A208E0685A") -> PO6A9A208E0685A | G35: =IFERROR(__xludf.DUMMYFUNCTION("""COMPUTED_VALUE"""),"SMA NEGERI 1 KARANGREJA") -> SMA NEGERI 1 KARANGREJA | H35: =IFERROR(__xludf.DUMMYFUNCTION("""COMPUTED_VALUE"""),"Kab. Purbalingga, Prov. Jawa Tengah") -> Kab. Purbalingga, Prov. Jawa Tengah | I35: =IFERROR(__xludf.DUMMYFUNCTION("""COMPUTED_VALUE"""),1.0) -> 1 | J35: =IFERROR(__xludf.DUMMYFUNCTION("""COMPUTED_VALUE"""),4.57875E7) -> 45787500 | K35: =IFERROR(__xludf.DUMMYFUNCTION("""COMPUTED_VALUE"""),4.57875E7) -> 45787500 | L35: =IFERROR(__xludf.DUMMYFUNCTION("""COMPUTED_VALUE"""),4537500.0) -> 4537500 | M35: =IFERROR(__xludf.DUMMYFUNCTION("""COMPUTED_VALUE"""),206250.0) -> 206250 | N35: =IFERROR(__xludf.DUMMYFUNCTION("""COMPUTED_VALUE"""),10000.0) -> 10000 | O35: =IFERROR(__xludf.DUMMYFUNCTION("""COMPUTED_VALUE"""),4.103375E7) -> 41033750 | P35: =IFERROR(__xludf.DUMMYFUNCTION("""COMPUTED_VALUE"""),"Toko Ladang") -> Toko Ladang | Q35: =IFERROR(__xludf.DUMMYFUNCTION("""COMPUTED_VALUE"""),"Pembayaran Diteruskan") -> Pembayaran Diteruskan | R35: =IFERROR(__xludf.DUMMYFUNCTION("""COMPUTED_VALUE"""),46280.47550925926) -> 46280.476 | S35: =IFERROR(__xludf.DUMMYFUNCTION("""COMPUTED_VALUE"""),"11725123/INV/PO6A9A208E0685A") -> 11725123/INV/PO6A9A208E0685A | T35: =IFERROR(__xludf.DUMMYFUNCTION("""COMPUTED_VALUE"""),"PE-PBG-07") -> PE-PBG-07 | U35: =IFERROR(__xludf.DUMMYFUNCTION("""COMPUTED_VALUE"""),"11010202.2026.09.00028") -> 11010202.2026.09.00028 | W35: =IFERROR(__xludf.DUMMYFUNCTION("""COMPUTED_VALUE"""),4.125E7) -> 41250000 | X35: =LEFT(H35,(LEN(H35)-19)) -> Kab. Purbalingga
A36: SMAN 1 Kebumen | B36: harga paket : 50.875.185, arkas : 49.800.000. Acc Pak Adi agar tdk perlu pembanding | C36: {=_xlfn.XLOOKUP(G36,'Sekolah Aplikasi B+'!$Q$5:$Q1700,'Sekolah Aplikasi B+'!$R$5:$R1700,"BELUM UPLOAD")} -> 20300729 | D36: =IFERROR(__xludf.DUMMYFUNCTION("""COMPUTED_VALUE"""),31.0) -> 31 | E36: =IFERROR(__xludf.DUMMYFUNCTION("""COMPUTED_VALUE"""),46269.0) -> 46269 | F36: =IFERROR(__xludf.DUMMYFUNCTION("""COMPUTED_VALUE"""),"PO6A9A370508761") -> PO6A9A370508761 | G36: =IFERROR(__xludf.DUMMYFUNCTION("""COMPUTED_VALUE"""),"SMA NEGERI 1 SIDAREJA") -> SMA NEGERI 1 SIDAREJA | H36: =IFERROR(__xludf.DUMMYFUNCTION("""COMPUTED_VALUE"""),"Kab. Cilacap, Prov. Jawa Tengah") -> Kab. Cilacap, Prov. Jawa Tengah | I36: =IFERROR(__xludf.DUMMYFUNCTION("""COMPUTED_VALUE"""),1.0) -> 1 | J36: =IFERROR(__xludf.DUMMYFUNCTION("""COMPUTED_VALUE"""),7631250.0) -> 7631250 | K36: =IFERROR(__xludf.DUMMYFUNCTION("""COMPUTED_VALUE"""),7631250.0) -> 7631250 | L36: =IFERROR(__xludf.DUMMYFUNCTION("""COMPUTED_VALUE"""),756250.0) -> 756250 | M36: =IFERROR(__xludf.DUMMYFUNCTION("""COMPUTED_VALUE"""),34375.0) -> 34375 | N36: =IFERROR(__xludf.DUMMYFUNCTION("""COMPUTED_VALUE"""),10000.0) -> 10000 | O36: =IFERROR(__xludf.DUMMYFUNCTION("""COMPUTED_VALUE"""),6830625.0) -> 6830625 | P36: =IFERROR(__xludf.DUMMYFUNCTION("""COMPUTED_VALUE"""),"Toko Ladang") -> Toko Ladang | Q36: =IFERROR(__xludf.DUMMYFUNCTION("""COMPUTED_VALUE"""),"Pembayaran Diteruskan") -> Pembayaran Diteruskan | R36: =IFERROR(__xludf.DUMMYFUNCTION("""COMPUTED_VALUE"""),46274.47237268519) -> 46274.472 | S36: =IFERROR(__xludf.DUMMYFUNCTION("""COMPUTED_VALUE"""),"11729773/INV/PO6A9A370508761") -> 11729773/INV/PO6A9A370508761 | T36: =IFERROR(__xludf.DUMMYFUNCTION("""COMPUTED_VALUE"""),"PE-CLCP-04") -> PE-CLCP-04 | U36: =IFERROR(__xludf.DUMMYFUNCTION("""COMPUTED_VALUE"""),"11010202.2026.09.00014") -> 11010202.2026.09.00014 | W36: =IFERROR(__xludf.DUMMYFUNCTION("""COMPUTED_VALUE"""),6875000.0) -> 6875000 | X36: =LEFT(H36,(LEN(H36)-19)) -> Kab. Cilacap
A37: SMAN 1 Batang | C37: {=_xlfn.XLOOKUP(G37,'Sekolah Aplikasi B+'!$Q$5:$Q1700,'Sekolah Aplikasi B+'!$R$5:$R1700,"BELUM UPLOAD")} -> 20320243 | D37: =IFERROR(__xludf.DUMMYFUNCTION("""COMPUTED_VALUE"""),32.0) -> 32 | E37: =IFERROR(__xludf.DUMMYFUNCTION("""COMPUTED_VALUE"""),46269.0) -> 46269 | F37: =IFERROR(__xludf.DUMMYFUNCTION("""COMPUTED_VALUE"""),"PO6A9A40C8AD6AB") -> PO6A9A40C8AD6AB | G37: =IFERROR(__xludf.DUMMYFUNCTION("""COMPUTED_VALUE"""),"SMA NEGERI 1 TUNTANG") -> SMA NEGERI 1 TUNTANG | H37: =IFERROR(__xludf.DUMMYFUNCTION("""COMPUTED_VALUE"""),"Kab. Semarang, Prov. Jawa Tengah") -> Kab. Semarang, Prov. Jawa Tengah | I37: =IFERROR(__xludf.DUMMYFUNCTION("""COMPUTED_VALUE"""),1.0) -> 1 | J37: =IFERROR(__xludf.DUMMYFUNCTION("""COMPUTED_VALUE"""),6.09E7) -> 60900000 | K37: =IFERROR(__xludf.DUMMYFUNCTION("""COMPUTED_VALUE"""),6.09E7) -> 60900000 | L37: =IFERROR(__xludf.DUMMYFUNCTION("""COMPUTED_VALUE"""),6035136.0) -> 6035136 | M37: =IFERROR(__xludf.DUMMYFUNCTION("""COMPUTED_VALUE"""),274324.0) -> 274324 | N37: =IFERROR(__xludf.DUMMYFUNCTION("""COMPUTED_VALUE"""),10000.0) -> 10000 | O37: =IFERROR(__xludf.DUMMYFUNCTION("""COMPUTED_VALUE"""),5.458054E7) -> 54580540 | P37: =IFERROR(__xludf.DUMMYFUNCTION("""COMPUTED_VALUE"""),"Toko Ladang") -> Toko Ladang | Q37: =IFERROR(__xludf.DUMMYFUNCTION("""COMPUTED_VALUE"""),"Pembayaran Diteruskan") -> Pembayaran Diteruskan | R37: =IFERROR(__xludf.DUMMYFUNCTION("""COMPUTED_VALUE"""),46273.470243055555) -> 46273.47 | S37: =IFERROR(__xludf.DUMMYFUNCTION("""COMPUTED_VALUE"""),"11731800/INV/PO6A9A40C8AD6AB") -> 11731800/INV/PO6A9A40C8AD6AB | T37: =IFERROR(__xludf.DUMMYFUNCTION("""COMPUTED_VALUE"""),"PE-SMG-03") -> PE-SMG-03 | U37: =IFERROR(__xludf.DUMMYFUNCTION("""COMPUTED_VALUE"""),"11010202.2026.09.00012") -> 11010202.2026.09.00012 | W37: =IFERROR(__xludf.DUMMYFUNCTION("""COMPUTED_VALUE"""),4.35415E7) -> 43541500 | X37: =LEFT(H37,(LEN(H37)-19)) -> Kab. Semarang
A38: SMAN 1 Kutowinangun | C38: {=_xlfn.XLOOKUP(G38,'Sekolah Aplikasi B+'!$Q$5:$Q1700,'Sekolah Aplikasi B+'!$R$5:$R1700,"BELUM UPLOAD")} -> 20328878 | D38: =IFERROR(__xludf.DUMMYFUNCTION("""COMPUTED_VALUE"""),33.0) -> 33 | E38: =IFERROR(__xludf.DUMMYFUNCTION("""COMPUTED_VALUE"""),46269.0) -> 46269 | F38: =IFERROR(__xludf.DUMMYFUNCTION("""COMPUTED_VALUE"""),"PO6A9A43DFAE771") -> PO6A9A43DFAE771 | G38: =IFERROR(__xludf.DUMMYFUNCTION("""COMPUTED_VALUE"""),"SMA NEGERI 10 SEMARANG") -> SMA NEGERI 10 SEMARANG | H38: =IFERROR(__xludf.DUMMYFUNCTION("""COMPUTED_VALUE"""),"Kota Semarang, Prov. Jawa Tengah") -> Kota Semarang, Prov. Jawa Tengah | I38: =IFERROR(__xludf.DUMMYFUNCTION("""COMPUTED_VALUE"""),1.0) -> 1 | J38: =IFERROR(__xludf.DUMMYFUNCTION("""COMPUTED_VALUE"""),5.0875185E7) -> 50875185 | K38: =IFERROR(__xludf.DUMMYFUNCTION("""COMPUTED_VALUE"""),5.0875185E7) -> 50875185 | L38: =IFERROR(__xludf.DUMMYFUNCTION("""COMPUTED_VALUE"""),5041685.0) -> 5041685 | M38: =IFERROR(__xludf.DUMMYFUNCTION("""COMPUTED_VALUE"""),229167.0) -> 229167 | N38: =IFERROR(__xludf.DUMMYFUNCTION("""COMPUTED_VALUE"""),10000.0) -> 10000 | O38: =IFERROR(__xludf.DUMMYFUNCTION("""COMPUTED_VALUE"""),4.5594333E7) -> 45594333 | P38: =IFERROR(__xludf.DUMMYFUNCTION("""COMPUTED_VALUE"""),"Toko Ladang") -> Toko Ladang | Q38: =IFERROR(__xludf.DUMMYFUNCTION("""COMPUTED_VALUE"""),"Pembayaran Diteruskan") -> Pembayaran Diteruskan | R38: =IFERROR(__xludf.DUMMYFUNCTION("""COMPUTED_VALUE"""),46274.47237268519) -> 46274.472 | S38: =IFERROR(__xludf.DUMMYFUNCTION("""COMPUTED_VALUE"""),"11732348/INV/PO6A9A43DFAE771") -> 11732348/INV/PO6A9A43DFAE771 | T38: =IFERROR(__xludf.DUMMYFUNCTION("""COMPUTED_VALUE"""),"PE-SMG-03") -> PE-SMG-03 | U38: =IFERROR(__xludf.DUMMYFUNCTION("""COMPUTED_VALUE"""),"11010202.2026.09.00015") -> 11010202.2026.09.00015 | W38: =IFERROR(__xludf.DUMMYFUNCTION("""COMPUTED_VALUE"""),4.58335E7) -> 45833500 | X38: =LEFT(H38,(LEN(H38)-19)) -> Kota Semarang
A39: SMAN 1 Bawang | B39: harga paket : Rp25,437,315. Anggaran sekolah : 22.500.000. Acc Pak Adi | C39: {=_xlfn.XLOOKUP(G39,'Sekolah Aplikasi B+'!$Q$5:$Q1700,'Sekolah Aplikasi B+'!$R$5:$R1700,"BELUM UPLOAD")} -> 20323398 | D39: =IFERROR(__xludf.DUMMYFUNCTION("""COMPUTED_VALUE"""),34.0) -> 34 | E39: =IFERROR(__xludf.DUMMYFUNCTION("""COMPUTED_VALUE"""),46272.0) -> 46272 | F39: =IFERROR(__xludf.DUMMYFUNCTION("""COMPUTED_VALUE"""),"PO6A9E120A5522A") -> PO6A9E120A5522A | G39: =IFERROR(__xludf.DUMMYFUNCTION("""COMPUTED_VALUE"""),"SMA NEGERI 1 KAJEN") -> SMA NEGERI 1 KAJEN | H39: =IFERROR(__xludf.DUMMYFUNCTION("""COMPUTED_VALUE"""),"Kab. Pekalongan, Prov. Jawa Tengah") -> Kab. Pekalongan, Prov. Jawa Tengah | I39: =IFERROR(__xludf.DUMMYFUNCTION("""COMPUTED_VALUE"""),1.0) -> 1 | J39: =IFERROR(__xludf.DUMMYFUNCTION("""COMPUTED_VALUE"""),5.5962315E7) -> 55962315 | K39: =IFERROR(__xludf.DUMMYFUNCTION("""COMPUTED_VALUE"""),5.5962315E7) -> 55962315 | L39: =IFERROR(__xludf.DUMMYFUNCTION("""COMPUTED_VALUE"""),5545816.0) -> 5545816 | M39: =IFERROR(__xludf.DUMMYFUNCTION("""COMPUTED_VALUE"""),252082.0) -> 252082 | N39: =IFERROR(__xludf.DUMMYFUNCTION("""COMPUTED_VALUE"""),10000.0) -> 10000 | O39: =IFERROR(__xludf.DUMMYFUNCTION("""COMPUTED_VALUE"""),5.0154417E7) -> 50154417 | P39: =IFERROR(__xludf.DUMMYFUNCTION("""COMPUTED_VALUE"""),"Toko Ladang") -> Toko Ladang | Q39: =IFERROR(__xludf.DUMMYFUNCTION("""COMPUTED_VALUE"""),"Pembayaran Diteruskan") -> Pembayaran Diteruskan | R39: =IFERROR(__xludf.DUMMYFUNCTION("""COMPUTED_VALUE"""),46280.59240740741) -> 46280.592 | S39: =IFERROR(__xludf.DUMMYFUNCTION("""COMPUTED_VALUE"""),"11766208/INV/PO6A9E120A5522A") -> 11766208/INV/PO6A9E120A5522A | T39: =IFERROR(__xludf.DUMMYFUNCTION("""COMPUTED_VALUE"""),"PE-PKLG-01") -> PE-PKLG-01 | U39: =IFERROR(__xludf.DUMMYFUNCTION("""COMPUTED_VALUE"""),"11010202.2026.09.00027") -> 11010202.2026.09.00027 | W39: =IFERROR(__xludf.DUMMYFUNCTION("""COMPUTED_VALUE"""),5.04165E7) -> 50416500 | X39: =LEFT(H39,(LEN(H39)-19)) -> Kab. Pekalongan
A40: SMAN 2 Batang | C40: {=_xlfn.XLOOKUP(G40,'Sekolah Aplikasi B+'!$Q$5:$Q1700,'Sekolah Aplikasi B+'!$R$5:$R1700,"BELUM UPLOAD")} -> 20310421 | D40: =IFERROR(__xludf.DUMMYFUNCTION("""COMPUTED_VALUE"""),35.0) -> 35 | E40: =IFERROR(__xludf.DUMMYFUNCTION("""COMPUTED_VALUE"""),46273.0) -> 46273 | F40: =IFERROR(__xludf.DUMMYFUNCTION("""COMPUTED_VALUE"""),"PO6A9E6AC4E7F3C") -> PO6A9E6AC4E7F3C | G40: =IFERROR(__xludf.DUMMYFUNCTION("""COMPUTED_VALUE"""),"SMA NEGERI 3 SUKOHARJO") -> SMA NEGERI 3 SUKOHARJO | H40: =IFERROR(__xludf.DUMMYFUNCTION("""COMPUTED_VALUE"""),"Kab. Sukoharjo, Prov. Jawa Tengah") -> Kab. Sukoharjo, Prov. Jawa Tengah | I40: =IFERROR(__xludf.DUMMYFUNCTION("""COMPUTED_VALUE"""),1.0) -> 1 | J40: =IFERROR(__xludf.DUMMYFUNCTION("""COMPUTED_VALUE"""),5.0875185E7) -> 50875185 | K40: =IFERROR(__xludf.DUMMYFUNCTION("""COMPUTED_VALUE"""),5.0875185E7) -> 50875185 | L40: =IFERROR(__xludf.DUMMYFUNCTION("""COMPUTED_VALUE"""),5041686.0) -> 5041686 | M40: =IFERROR(__xludf.DUMMYFUNCTION("""COMPUTED_VALUE"""),229167.0) -> 229167 | N40: =IFERROR(__xludf.DUMMYFUNCTION("""COMPUTED_VALUE"""),10000.0) -> 10000 | O40: =IFERROR(__xludf.DUMMYFUNCTION("""COMPUTED_VALUE"""),4.5594332E7) -> 45594332 | P40: =IFERROR(__xludf.DUMMYFUNCTION("""COMPUTED_VALUE"""),"Toko Ladang") -> Toko Ladang | Q40: =IFERROR(__xludf.DUMMYFUNCTION("""COMPUTED_VALUE"""),"Pembayaran Diteruskan") -> Pembayaran Diteruskan | R40: =IFERROR(__xludf.DUMMYFUNCTION("""COMPUTED_VALUE"""),46275.458090277774) -> 46275.458 | S40: =IFERROR(__xludf.DUMMYFUNCTION("""COMPUTED_VALUE"""),"11787123/INV/PO6A9E6AC4E7F3C") -> 11787123/INV/PO6A9E6AC4E7F3C | T40: =IFERROR(__xludf.DUMMYFUNCTION("""COMPUTED_VALUE"""),"PE-SKH-02") -> PE-SKH-02 | U40: =IFERROR(__xludf.DUMMYFUNCTION("""COMPUTED_VALUE"""),"11010202.2026.09.00016") -> 11010202.2026.09.00016 | W40: =IFERROR(__xludf.DUMMYFUNCTION("""COMPUTED_VALUE"""),4.58335E7) -> 45833500 | X40: =LEFT(H40,(LEN(H40)-19)) -> Kab. Sukoharjo
A41: SMAN 3 Sukoharjo | C41: {=_xlfn.XLOOKUP(G41,'Sekolah Aplikasi B+'!$Q$5:$Q1700,'Sekolah Aplikasi B+'!$R$5:$R1700,"BELUM UPLOAD")} -> 20303230 | D41: =IFERROR(__xludf.DUMMYFUNCTION("""COMPUTED_VALUE"""),36.0) -> 36 | E41: =IFERROR(__xludf.DUMMYFUNCTION("""COMPUTED_VALUE"""),46273.0) -> 46273 | F41: =IFERROR(__xludf.DUMMYFUNCTION("""COMPUTED_VALUE"""),"PO6A9F734E0007E") -> PO6A9F734E0007E | G41: =IFERROR(__xludf.DUMMYFUNCTION("""COMPUTED_VALUE"""),"SMA NEGERI 1 BUKATEJA") -> SMA NEGERI 1 BUKATEJA | H41: =IFERROR(__xludf.DUMMYFUNCTION("""COMPUTED_VALUE"""),"Kab. Purbalingga, Prov. Jawa Tengah") -> Kab. Purbalingga, Prov. Jawa Tengah | I41: =IFERROR(__xludf.DUMMYFUNCTION("""COMPUTED_VALUE"""),1.0) -> 1 | J41: =IFERROR(__xludf.DUMMYFUNCTION("""COMPUTED_VALUE"""),2.5437315E7) -> 25437315 | K41: =IFERROR(__xludf.DUMMYFUNCTION("""COMPUTED_VALUE"""),2.5437315E7) -> 25437315 | L41: =IFERROR(__xludf.DUMMYFUNCTION("""COMPUTED_VALUE"""),2520816.0) -> 2520816 | M41: =IFERROR(__xludf.DUMMYFUNCTION("""COMPUTED_VALUE"""),114582.0) -> 114582 | N41: =IFERROR(__xludf.DUMMYFUNCTION("""COMPUTED_VALUE"""),10000.0) -> 10000 | O41: =IFERROR(__xludf.DUMMYFUNCTION("""COMPUTED_VALUE"""),2.2791917E7) -> 22791917 | P41: =IFERROR(__xludf.DUMMYFUNCTION("""COMPUTED_VALUE"""),"Toko Ladang") -> Toko Ladang | Q41: =IFERROR(__xludf.DUMMYFUNCTION("""COMPUTED_VALUE"""),"Selesai") -> Selesai | R41: =IFERROR(__xludf.DUMMYFUNCTION("""COMPUTED_VALUE"""),46294.48844907407) -> 46294.488 | S41: =IFERROR(__xludf.DUMMYFUNCTION("""COMPUTED_VALUE"""),"11804127/INV/PO6A9F734E0007E") -> 11804127/INV/PO6A9F734E0007E | T41: =IFERROR(__xludf.DUMMYFUNCTION("""COMPUTED_VALUE"""),"PE-PBG-08") -> PE-PBG-08 | U41: =IFERROR(__xludf.DUMMYFUNCTION("""COMPUTED_VALUE"""),"11010202.2026.09.00041") -> 11010202.2026.09.00041 | W41: =IFERROR(__xludf.DUMMYFUNCTION("""COMPUTED_VALUE"""),2.29165E7) -> 22916500 | X41: =LEFT(H41,(LEN(H41)-19)) -> Kab. Purbalingga
A42: SMAN 2 Sukoharjo | B42: arkas | C42: {=_xlfn.XLOOKUP(G42,'Sekolah Aplikasi B+'!$Q$5:$Q1700,'Sekolah Aplikasi B+'!$R$5:$R1700,"BELUM UPLOAD")} -> 20303231 | D42: =IFERROR(__xludf.DUMMYFUNCTION("""COMPUTED_VALUE"""),37.0) -> 37 | E42: =IFERROR(__xludf.DUMMYFUNCTION("""COMPUTED_VALUE"""),46273.0) -> 46273 | F42: =IFERROR(__xludf.DUMMYFUNCTION("""COMPUTED_VALUE"""),"PO6A9F6F13E0231") -> PO6A9F6F13E0231 | G42: =IFERROR(__xludf.DUMMYFUNCTION("""COMPUTED_VALUE"""),"SMA NEGERI 1 BOBOTSARI") -> SMA NEGERI 1 BOBOTSARI | H42: =IFERROR(__xludf.DUMMYFUNCTION("""COMPUTED_VALUE"""),"Kab. Purbalingga, Prov. Jawa Tengah") -> Kab. Purbalingga, Prov. Jawa Tengah | I42: =IFERROR(__xludf.DUMMYFUNCTION("""COMPUTED_VALUE"""),1.0) -> 1 | J42: =IFERROR(__xludf.DUMMYFUNCTION("""COMPUTED_VALUE"""),5.0875185E7) -> 50875185 | K42: =IFERROR(__xludf.DUMMYFUNCTION("""COMPUTED_VALUE"""),5.0875185E7) -> 50875185 | L42: =IFERROR(__xludf.DUMMYFUNCTION("""COMPUTED_VALUE"""),5041686.0) -> 5041686 | M42: =IFERROR(__xludf.DUMMYFUNCTION("""COMPUTED_VALUE"""),229167.0) -> 229167 | N42: =IFERROR(__xludf.DUMMYFUNCTION("""COMPUTED_VALUE"""),10000.0) -> 10000 | O42: =IFERROR(__xludf.DUMMYFUNCTION("""COMPUTED_VALUE"""),4.5594332E7) -> 45594332 | P42: =IFERROR(__xludf.DUMMYFUNCTION("""COMPUTED_VALUE"""),"Toko Ladang") -> Toko Ladang | Q42: =IFERROR(__xludf.DUMMYFUNCTION("""COMPUTED_VALUE"""),"Pembayaran Diteruskan") -> Pembayaran Diteruskan | R42: =IFERROR(__xludf.DUMMYFUNCTION("""COMPUTED_VALUE"""),46280.59240740741) -> 46280.592 | S42: =IFERROR(__xludf.DUMMYFUNCTION("""COMPUTED_VALUE"""),"11802972/INV/PO6A9F6F13E0231") -> 11802972/INV/PO6A9F6F13E0231 | T42: =IFERROR(__xludf.DUMMYFUNCTION("""COMPUTED_VALUE"""),"PE-PBG-06") -> PE-PBG-06 | U42: =IFERROR(__xludf.DUMMYFUNCTION("""COMPUTED_VALUE"""),"11010202.2026.09.00026") -> 11010202.2026.09.00026 | W42: =IFERROR(__xludf.DUMMYFUNCTION("""COMPUTED_VALUE"""),4.58335E7) -> 45833500 | X42: =LEFT(H42,(LEN(H42)-19)) -> Kab. Purbalingga
A43: SMAN 1 Nguter | C43: {=_xlfn.XLOOKUP(G43,'Sekolah Aplikasi B+'!$Q$5:$Q1700,'Sekolah Aplikasi B+'!$R$5:$R1700,"BELUM UPLOAD")} -> 20322744 | D43: =IFERROR(__xludf.DUMMYFUNCTION("""COMPUTED_VALUE"""),38.0) -> 38 | E43: =IFERROR(__xludf.DUMMYFUNCTION("""COMPUTED_VALUE"""),46275.0) -> 46275 | F43: =IFERROR(__xludf.DUMMYFUNCTION("""COMPUTED_VALUE"""),"PO6AA2201C3481E") -> PO6AA2201C3481E | G43: =IFERROR(__xludf.DUMMYFUNCTION("""COMPUTED_VALUE"""),"SMA NEGERI 1 BATANG") -> SMA NEGERI 1 BATANG | H43: =IFERROR(__xludf.DUMMYFUNCTION("""COMPUTED_VALUE"""),"Kab. Batang, Prov. Jawa Tengah") -> Kab. Batang, Prov. Jawa Tengah | I43: =IFERROR(__xludf.DUMMYFUNCTION("""COMPUTED_VALUE"""),1.0) -> 1 | J43: =IFERROR(__xludf.DUMMYFUNCTION("""COMPUTED_VALUE"""),1.0174815E7) -> 10174815 | K43: =IFERROR(__xludf.DUMMYFUNCTION("""COMPUTED_VALUE"""),1.0174815E7) -> 10174815 | L43: =IFERROR(__xludf.DUMMYFUNCTION("""COMPUTED_VALUE"""),1008315.0) -> 1008315 | M43: =IFERROR(__xludf.DUMMYFUNCTION("""COMPUTED_VALUE"""),45832.0) -> 45832 | N43: =IFERROR(__xludf.DUMMYFUNCTION("""COMPUTED_VALUE"""),10000.0) -> 10000 | O43: =IFERROR(__xludf.DUMMYFUNCTION("""COMPUTED_VALUE"""),9110668.0) -> 9110668 | P43: =IFERROR(__xludf.DUMMYFUNCTION("""COMPUTED_VALUE"""),"Toko Ladang") -> Toko Ladang | Q43: =IFERROR(__xludf.DUMMYFUNCTION("""COMPUTED_VALUE"""),"Pembayaran Diteruskan") -> Pembayaran Diteruskan | R43: =IFERROR(__xludf.DUMMYFUNCTION("""COMPUTED_VALUE"""),46279.47491898148) -> 46279.475 | S43: =IFERROR(__xludf.DUMMYFUNCTION("""COMPUTED_VALUE"""),"11871655/INV/PO6AA2201C3481E") -> 11871655/INV/PO6AA2201C3481E | T43: =IFERROR(__xludf.DUMMYFUNCTION("""COMPUTED_VALUE"""),"PE-BTG-01") -> PE-BTG-01 | U43: =IFERROR(__xludf.DUMMYFUNCTION("""COMPUTED_VALUE"""),"11010202.2026.09.00025") -> 11010202.2026.09.00025 | W43: =IFERROR(__xludf.DUMMYFUNCTION("""COMPUTED_VALUE"""),9166500.0) -> 9166500 | X43: =LEFT(H43,(LEN(H43)-19)) -> Kab. Batang
A44: SMA 1 Tawangsari | C44: {=_xlfn.XLOOKUP(G44,'Sekolah Aplikasi B+'!$Q$5:$Q1700,'Sekolah Aplikasi B+'!$R$5:$R1700,"BELUM UPLOAD")} -> 20322740 | E44: =IFERROR(__xludf.DUMMYFUNCTION("""COMPUTED_VALUE"""),46279.0) -> 46279 | F44: =IFERROR(__xludf.DUMMYFUNCTION("""COMPUTED_VALUE"""),"PO6AA796020B399") -> PO6AA796020B399 | G44: =IFERROR(__xludf.DUMMYFUNCTION("""COMPUTED_VALUE"""),"SMA NEGERI 2 BATANG") -> SMA NEGERI 2 BATANG | H44: =IFERROR(__xludf.DUMMYFUNCTION("""COMPUTED_VALUE"""),"Kab. Batang, Prov. Jawa Tengah") -> Kab. Batang, Prov. Jawa Tengah | I44: =IFERROR(__xludf.DUMMYFUNCTION("""COMPUTED_VALUE"""),1.0) -> 1 | J44: =IFERROR(__xludf.DUMMYFUNCTION("""COMPUTED_VALUE"""),7631250.0) -> 7631250 | K44: =IFERROR(__xludf.DUMMYFUNCTION("""COMPUTED_VALUE"""),7631250.0) -> 7631250 | L44: =IFERROR(__xludf.DUMMYFUNCTION("""COMPUTED_VALUE"""),756250.0) -> 756250 | M44: =IFERROR(__xludf.DUMMYFUNCTION("""COMPUTED_VALUE"""),34375.0) -> 34375 | N44: =IFERROR(__xludf.DUMMYFUNCTION("""COMPUTED_VALUE"""),10000.0) -> 10000 | O44: =IFERROR(__xludf.DUMMYFUNCTION("""COMPUTED_VALUE"""),6830625.0) -> 6830625 | P44: =IFERROR(__xludf.DUMMYFUNCTION("""COMPUTED_VALUE"""),"Toko Ladang") -> Toko Ladang | Q44: =IFERROR(__xludf.DUMMYFUNCTION("""COMPUTED_VALUE"""),"Pembayaran Diteruskan") -> Pembayaran Diteruskan | R44: =IFERROR(__xludf.DUMMYFUNCTION("""COMPUTED_VALUE"""),46283.58278935185) -> 46283.583 | S44: =IFERROR(__xludf.DUMMYFUNCTION("""COMPUTED_VALUE"""),"11962616/INV/PO6AA796020B399") -> 11962616/INV/PO6AA796020B399 | T44: =IFERROR(__xludf.DUMMYFUNCTION("""COMPUTED_VALUE"""),"PE-BTG-02") -> PE-BTG-02 | U44: =IFERROR(__xludf.DUMMYFUNCTION("""COMPUTED_VALUE"""),"11010202.2026.09.00031") -> 11010202.2026.09.00031 | W44: =IFERROR(__xludf.DUMMYFUNCTION("""COMPUTED_VALUE"""),6875000.0) -> 6875000 | X44: =LEFT(H44,(LEN(H44)-19)) -> Kab. Batang
A45: SMAN 1 Sukoharjo | C45: {=_xlfn.XLOOKUP(G45,'Sekolah Aplikasi B+'!$Q$5:$Q1700,'Sekolah Aplikasi B+'!$R$5:$R1700,"BELUM UPLOAD")} -> 20307713 | E45: =IFERROR(__xludf.DUMMYFUNCTION("""COMPUTED_VALUE"""),46280.0) -> 46280 | F45: =IFERROR(__xludf.DUMMYFUNCTION("""COMPUTED_VALUE"""),"PO6AA8A3CC3F48D") -> PO6AA8A3CC3F48D | G45: =IFERROR(__xludf.DUMMYFUNCTION("""COMPUTED_VALUE"""),"SMA NEGERI 1 MERTOYUDAN") -> SMA NEGERI 1 MERTOYUDAN | H45: =IFERROR(__xludf.DUMMYFUNCTION("""COMPUTED_VALUE"""),"Kab. Magelang, Prov. Jawa Tengah") -> Kab. Magelang, Prov. Jawa Tengah | I45: =IFERROR(__xludf.DUMMYFUNCTION("""COMPUTED_VALUE"""),1.0) -> 1 | J45: =IFERROR(__xludf.DUMMYFUNCTION("""COMPUTED_VALUE"""),2.289375E7) -> 22893750 | K45: =IFERROR(__xludf.DUMMYFUNCTION("""COMPUTED_VALUE"""),2.289375E7) -> 22893750 | L45: =IFERROR(__xludf.DUMMYFUNCTION("""COMPUTED_VALUE"""),2268750.0) -> 2268750 | M45: =IFERROR(__xludf.DUMMYFUNCTION("""COMPUTED_VALUE"""),103125.0) -> 103125 | N45: =IFERROR(__xludf.DUMMYFUNCTION("""COMPUTED_VALUE"""),10000.0) -> 10000 | O45: =IFERROR(__xludf.DUMMYFUNCTION("""COMPUTED_VALUE"""),2.0511875E7) -> 20511875 | P45: =IFERROR(__xludf.DUMMYFUNCTION("""COMPUTED_VALUE"""),"Toko Ladang") -> Toko Ladang | Q45: =IFERROR(__xludf.DUMMYFUNCTION("""COMPUTED_VALUE"""),"Pembayaran Diteruskan") -> Pembayaran Diteruskan | R45: =IFERROR(__xludf.DUMMYFUNCTION("""COMPUTED_VALUE"""),46283.58278935185) -> 46283.583 | S45: =IFERROR(__xludf.DUMMYFUNCTION("""COMPUTED_VALUE"""),"11978720/INV/PO6AA8A3CC3F48D") -> 11978720/INV/PO6AA8A3CC3F48D | T45: =IFERROR(__xludf.DUMMYFUNCTION("""COMPUTED_VALUE"""),"PE-MGL-08") -> PE-MGL-08 | U45: =IFERROR(__xludf.DUMMYFUNCTION("""COMPUTED_VALUE"""),"11010202.2026.09.00032") -> 11010202.2026.09.00032 | W45: =IFERROR(__xludf.DUMMYFUNCTION("""COMPUTED_VALUE"""),2.0625E7) -> 20625000 | X45: =LEFT(H45,(LEN(H45)-19)) -> Kab. Magelang
